Workbook

Sheet Расписание
A1: 1А | B1: Тьютор Коновалова Евгения
A2: Время | B2: Понедельник | C2: Вторник | D2: Среда | E2: Четверг | F2: Пятница
A3: 8.45-9.00 | B3: Сонастройка Коновалова | C3: Сонастройка Пашкова | D3: Сонастройка Коновалова | E3: Сонастройка Коновалова | F3: Сонастройка Пашкова
A4: 9.00-9.45 | B4: Русский язык Пашкова | C4: Математика Савина | D4: Русский язык Пашкова | E4: тьюторский час Коновалова | F4: Технология Бондарь
A5: 9.55-10.40 | B5: Окружающий мир Савина | C5: Литературное чтение Пашкова | D5: Математика Савина | E5: Окружающий мир Савина | F5: Математика Савина
A6: 10.50-11.35 | B6: Музыка Карпова | E6: Литературное чтение Пашкова
A7: 11.35-15.00 | B7: ОБЕД
A8: 15.00-16.00 | B8: Продленка групповая Юманова Дарья
A9: 16.00-17.00 | B9: Творческая мастерская (Коновалова Евгения) | C9: Творческая мастерская (Коновалова Евгения) | D9: Творческая мастерская (Коновалова Евгения)
A11: 1Б | B11: Тьютор Рассолова Екатерина
A12: Время | B12: Понедельник | C12: Вторник | D12: Среда | E12: Четверг | F12: Пятница
A13: 11.30-11.45 | B13: Сонастройка Коновалова | C13: Сонастройка Савина | D13: Сонастройка Коновалова | E13: Сонастройка Савина | F13: Сонастройка Коновалова
A14: 11.45-12.30 | B14: Окружающий мир Савина | C14: Математика Савина | D14: Математика Савина | E14: Русский язык Пашкова | F14: Математика Савина
A15: 12.40-13.25 | B15: Технология Бондарь | C15: Русский язык Пашкова | D15: Литературное чтение Пашкова | E15: Окружающий мир Савина | F15: Литературное чтение Пашкова
A16: 13.35 -14.20 | B16: Музыка Карпова | D16: Тьюторский час Рассолова
A17: 14.20-15.00 | B17: ОБЕД
A18: 15.00-16.00 | B18: Продленка групповая Юманова Дарья
A19: 16.00-17.00 | B19: Творческая мастерская (Рассолова Екатерина) | C19: Творческая мастерская (Рассолова Екатерина) | D19: Творческая мастерская (Рассолова Екатерина)
A21: 2А | B21: Тьютор Силосьева Алла
A22: Время | B22: Понедельник | C22: Вторник | D22: Среда | E22: Четверг | F22: Пятница
A23: 8.45-9.00 | B23: Сонастройка Козлова | C23: Сонастройка Козлова | D23: Сонастройка Козлова | E23: Сонастройка Силосьева Алла | F23: Сонастройка Козлова
A24: 9.00-9.45 | B24: Русский язык Козлова | C24: Технология Бондарь | D24: Русский язык Козлова | E24: Литература Козлова | F24: Литература Козлова
A25: 9.55-10.40 | B25: Музыка Карпова | C25: Русский язык Козлова | D25: Окружающий мир Пашкова | E25: Окружающий мир Пашкова | F25: Английский язык Ерохина
A26: 10.50-11.35 | B26: Английский язык Ерохина | C26: Математика Пашкова | D26: Английский язык Ерохина | E26: Тьюторский час Силосьева | F26: Математика Пашкова
A27: 11.45-12.30 | B27: Математика Пашкова
A28: 12.30-15.00 | B28: ОБЕД
A29: 15.00-16.00 | B29: Продленка Коновалова Евгения
A30: 16.00-17.00 | B30: Творческая мастерская (Силосьева Алла) | C30: Творческая мастерская (Цуркан Юлия) | D30: Творческая мастерская (Аношко Лиана)
A32: 2Б | B32: Тьютор Рассолова Екатерина
A33: Время | B33: Понедельник | C33: Вторник | D33: Среда | E33: Четверг | F33: Пятница
A34: 11.30-11.45 | B34: Сонастройка | C34: Сонастройка Ерохина | D34: Сонастройка Козлова Галина | E34: Сонастройка Козлова | F34: Сонастройка Козлова Галина
A35: 11.45-12.30 | B35: Русский язык Козлова | C35: Английский язык Ерохина | D35: Русский язык Козлова | E35: Литература Козлова | F35: Технология Бондарь
A36: 12.40-13.25 | B36: Окружающий мир Савина | C36: Математика Савина | D36: Математика Савина | E36: Английский язык Ерохина | F36: Математика Савина
A37: 13.35-14.20 | B37: тьюторский час Коновалова | C37: Литература Козлова | D37: Английский язык Ерохина | E37: Окружающий мир Савина | F37: Русский язык Козлова
A38: 14.30-15.15 | B38: Музыка Карпова
A39: 14.20- 15.00 | B39: ОБЕД
A40: 15.00-16.00 | C40: Продленка Коновалова Евгения
A41: 16.00-17.00 | B41: Творческая мастерская (Силосьева Алла) | C41: Творческая мастерская (Цуркан Юлия) | D41: Творческая мастерская (Аношко Лиана)
A43: 2В | B43: Тьютор Рассолова Екатерина
A44: Время | B44: Понедельник | C44: Вторник | D44: Среда | E44: Четверг | F44: Пятница
A45: 8.45-9.00 | B45: Сонастройка Абдуллаева | C45: Сонастройка Коновалова | D45: Сонастройка Абдуллаева | E45: Сонастройка Абдуллаева | F45: Сонастройка Коновалова
A46: 9.00-9.45 | B46: Русский язык Абдуллаева | C46: Окружающий мир Пашкова | D46: Русский язык Абдуллаева | E46: Технология Бондарь | F46: Математика Пашкова
A47: 9.55-10.40 | B47: Английский язык Малкова | C47: Литературное чтение Абдуллаева | D47: Английский язык Малкова | E47: Английский язык Малкова | F47: Окружающий мир Пашкова
A48: 10.50-11.35 | B48: Математика Пашкова | C48: Тьюторский час Рассолова | D48: Математика Пашкова | E48: Литературное чтение Абдуллаева | F48: Русский язык Абдуллаева
A49: 11.45-12.30 | B49: Музыка Карпова
A50: 12.30-15.00 | B50: ОБЕД
A51: 15.00-16.00 | B51: Продленка Коновалова Евгения
A52: 16.00 -17.00 | B52: Творческая мастерская (Силосьева Алла) | C52: Творческая мастерская (Цуркан Юлия) | D52: Творческая мастерская (Аношко Лиана)
A54: 3А | B54: Тьютор Силосьева Алла
A55: Время | B55: Понедельник | C55: Вторник | D55: Среда | E55: Четверг | F55: Пятница
A56: 8.45-9.00 | B56: Сонастройка Силосьева | C56: Сонастройка Силосьева Алла | D56: Сонастройка Силосьева | E56: Сонастройка Козлова | F56: Сонастройка Силосьева Алла
A57: 9.00-9.45 | B57: Математика Савина | C57: Литература Козлова | D57: Окружающий мир Савина | E57: Математика Савина | F57: Окружающий мир Савина
A58: 9.55-10.40 | B58: Английский язык Ерохина | C58: Математика Савина | D58: Литература Козлова | E58: Русский язык Козлова | F58: Русский язык Козлова
A59: 10.50-11.35 | B59: Русский язык Козлова | C59: Музыка Тронина | D59: Тьюторский час Силосьева | E59: Английский язык Ерохина | F59: ИЗО Бондарь
A60: 11.45-12.30 | F60: Английский язык Ерохина
A61: 12.30-15.00 | B61: ОБЕД
A62: 15.00-16.00 | B62: Продленка Аношко Лиана
A63: 16.00-17.00 | B63: Творческая мастерская Цуркан Юлия | C63: Творческая мастерская Силосьева Алла | D63: Творческая мастерская Цуркан Юлия
A65: 3Б | B65: Тьютор Лиана Аношко
A66: Время | B66: Понедельник | C66: Вторник | D66: Среда | E66: Четверг | F66: Пятница
A67: 11.30-11.45 | B67: Сонастройка Лиана Аношко | C67: Сонастройка Лиана Аношко | D67: Сонастройка Лиана Аношко | E67: Сонастройка Лиана Аношко | F67: Сонастройка Лиана Аношко
A68: 11.45-12.30 | B68: тьюторский час Аношко | C68: Литература Козлова | D68: Английский язык Ерохина | E68: Окружающий мир Савина | F68: Русский язык Козлова
A69: 12.40-13.25 | B69: Русский язык Козлова | C69: Технология Бондарь | D69: Литература Козлова | E69: Русский язык Козлова | F69: Английский язык Ерохина
A70: 13.35-14.20 | B70: Математика Савина | C70: Музыка Тронина | D70: Окружающий мир Савина | E70: Английский язык Ерохина | F70: Математика Савина
A71: 14.30-15.15 | B71: Окружающий мир Савина
A72: 14.20/15.15- 15.00/16.00 | B72: ОБЕД
A73: 15.00-16.00 | C73: продленка Аношко | D73: продленка Аношко | E73: продленка Аношко | F73: продленка Аношко
A74: 16.00-17.00 | B74: Творческая мастерская (Силосьева Алла) | C74: Творческая мастерская (Цуркан Юлия) | D74: Творческая мастерская (Аношко Лиана)
A76: 3В | B76: Тьютор Лиана Аношко
A77: Время | B77: Понедельник | C77: Вторник | D77: Среда | E77: Четверг | F77: Пятница
A78: 8.45-9.00 | B78: Сонастройка Лиана Аношко | C78: Сонастройка Лиана Аношко | D78: Сонастройка Лиана Аношко | E78: Сонастройка Лиана Аношко | F78: Сонастройка Лиана Аношко
A79: 9.00-9.45 | B79: Математика Чеченкова | C79: Музыка Тронина | D79: Математика Чеченкова | E79: Литература Абдуллаева | F79: Русский язык Абдуллаева
A80: 9.55-10.40 | B80: Тьюторский час Аношко | C80: Окружающий мир Чеченкова | D80: Английский язык Ерохина | E80: Английский язык Ерохина | F80: Окружающий мир Чеченкова
A81: 10.50-11.35 | B81: Русский язык Абдуллаева | C81: Литература Абдуллаева | D81: Русский язык Абдуллаева | E81: Математика Чеченкова | F81: Английский язык Ерохина
A82: 11.45-12.30 | C82: Технология Бондарь
A83: 12.30-15.00 | B83: ОБЕД
A84: 15.00-16.00 | B84: Продленка Аношко Лиана
A85: 16.00-17.00 | B85: Творческая мастерская (Силосьева Алла) | C85: Творческая мастерская (Цуркан Юлия) | D85: Творческая мастерская (Аношко Лиана)
A87: 4А | B87: Тьютор Цуркан Юлия
A88: Время | B88: Понедельник | C88: Вторник | D88: Среда | E88: Четверг | F88: Пятница
A89: 8.45-9.00 | B89: Сонастройка Цуркан Юлия | C89: Сонастройка Чеченкова | D89: Сонастройка Цуркан Юлия | E89: Сонастройка Чеченкова | F89: Сонастройка Цуркан Юлия
A90: 9.00-9.45 | B90: тьюторский час Цуркан | C90: Математика Чеченкова | D90: Английский язык Малкова | E90: Английский язык Малкова | F90: Английский язык Малкова
A91: 9.55-10.40 | B91: Окружающий мир Чеченкова | C91: Музыка Тронина | D91: Русский язык Петрова | E91: Математика Чеченкова | F91: Технология Бондарь
A92: 10.50-11.35 | B92: Математика Чеченкова | C92: Русский язык Петрова | D92: Окружающий мир Чеченкова | F92: Русский язык Петрова
A93: 11.45-12.30 | B93: Литература Петрова | F93: Литература Петрова
A94: 12.30-15.00 | B94: ОБЕД
A95: 15.00-16.00 | B95: Продленка Цуркан Юлия
A96: 16.00-17.00 | B96: Творческая мастерская (Силосьева Алла) | C96: Творческая мастерская (Цуркан Юлия) | D96: Творческая мастерская (Аношко Лиана)
A98: 4Б | B98: Тьютор Цуркан Юлия
A99: Время | B99: Понедельник | C99: Вторник | D99: Среда | E99: Четверг | F99: Пятница
A100: 11.30-11.45 | B100: Сонастройка Цуркан Юлия | C100: Сонастройка Цуркан Юлия | D100: Сонастройка Цуркан Юлия | E100: Сонастройка Цуркан Юлия | F100: Сонастройка Цуркан Юлия
A101: 11.45-12.30 | B101: Технология Бондарь | C101: Математика Пашкова | D101: Окружающий мир Пашкова | E101: Английский язык Малкова | F101: Окружающий мир Пашкова
A102: 12.40-13.25 | B102: Русский язык Петрова | C102: Музыка Тронина | D102: Английский язык Малкова | E102: Математика Пашкова | F102: Английский язык Малкова
A103: 13.35-14.20 | B103: Математика Пашкова | C103: Литература Петрова | D103: Русский язык Петрова | E103: Русский язык Петрова | F103: Литература Петрова
A104: 14.30-15.15 | F104: Тьютоский час Цуркан
A105: 14.20-15.00 | B105: ОБЕД
A106: 15.00-16.00 | B106: Продленка Цуркан Юлия
A107: 16.00-17.00 | B107: Творческая мастерская (Силосьева Алла) | C107: Творческая мастерская (Цуркан Юлия) | D107: Творческая мастерская (Аношко Лиана)
A109: 4В | B109: Тьютор Цуркан Юлия
A110: Время | B110: Понедельник | C110: Вторник | D110: Среда | E110: Четверг | F110: Пятница
...

Sheet Расписание для родителей
A1: 1А
A2: Время | B2: Понедельник | C2: Вторник | D2: Среда | E2: Четверг | F2: Пятница
A3: 8.45-9.00 | B3: Сонастройка | C3: Сонастройка | D3: Сонастройка | E3: Сонастройка | F3: Сонастройка
A4: 9.00-9.45 | B4: Русский язык | C4: Математика | D4: Русский язык | E4: Тьюторский час | F4: Технология
A5: 9.55-10.40 | B5: Окружающий мир | C5: Литературное чтение | D5: Математика | E5: Окружающий мир | F5: Математика
A6: 10.50-11.35 | B6: Музыка | E6: Литературное чтение
A7: 11.35-15.00 | B7: ОБЕД
A8: 15.00-16.00 | B8: Продленка
A9: 16.00-17.00 | B9: Творческая мастерская | C9: Творческая мастерская | D9: Творческая мастерская
A11: 1Б
A12: Время | B12: Понедельник | C12: Вторник | D12: Среда | E12: Четверг | F12: Пятница
A13: 11.30-11.45 | B13: Сонастройка | C13: Сонастройка | D13: Сонастройка | E13: Сонастройка | F13: Сонастройка
A14: 11.45-12.30 | B14: Окружающий мир | C14: Математика | D14: Математика | E14: Русский язык | F14: Математика
A15: 12.40-13.25 | B15: Технология | C15: Русский язык | D15: Литературное чтение | E15: Окружающий мир | F15: Литературное чтение
A16: 13.35 -14.20 | B16: Музыка | D16: Тьюторский час
A17: 14.20-15.00 | B17: ОБЕД
A18: 15.00-16.00 | B18: Продленка
A19: 16.00-17.00 | B19: Творческая мастерская | C19: Творческая мастерская | D19: Творческая мастерская
A21: 2А
A22: Время | B22: Понедельник | C22: Вторник | D22: Среда | E22: Четверг | F22: Пятница
A23: 8.45-9.00 | B23: Сонастройка | C23: Сонастройка | D23: Сонастройка | E23: Сонастройка | F23: Сонастройка
A24: 9.00-9.45 | B24: Русский язык | C24: Технология | D24: Русский язык | E24: Литература | F24: Литература
A25: 9.55-10.40 | B25: Музыка | C25: Русский язык | D25: Окружающий мир | E25: Окружающий мир | F25: Английский язык
A26: 10.50-11.35 | B26: Английский язык | C26: Математика | D26: Английский язык | E26: Тьюторский час | F26: Математика
A27: 11.45-12.30 | B27: Математика
A28: 11.45/12.30- 15.00 | B28: ОБЕД
A29: 15.00-16.00 | B29: Продленка
A30: 16.00-17.00 | B30: Творческая мастерская | C30: Творческая мастерская | D30: Творческая мастерская
A32: 2Б
A33: Время | B33: Понедельник | C33: Вторник | D33: Среда | E33: Четверг | F33: Пятница
A34: 11.30-11.45 | B34: Сонастройка | C34: Сонастройка | D34: Сонастройка | E34: Сонастройка | F34: Сонастройка
A35: 11.45-12.30 | B35: Русский язык | C35: Английский язык | D35: Русский язык | E35: Литература | F35: Технология
A36: 12.40-13.25 | B36: Окружающий мир | C36: Математика | D36: Математика | E36: Английский язык | F36: Математика
A37: 13.35-14.20 | B37: Тьюторский час | C37: Литература | D37: Английский язык | E37: Окружающий мир | F37: Русский язык
A38: 14.30-15.15 | B38: Музыка
A39: 14.20/15.15- 15.00/16.00 | B39: ОБЕД
A40: 15.00-16.00 | B40: Продленка | D40: Продленка | E40: Продленка | F40: Продленка
A41: 16.00-17.00 | B41: Творческая мастерская | C41: Творческая мастерская | D41: Творческая мастерская
A43: 2В
A44: Время | B44: Понедельник | C44: Вторник | D44: Среда | E44: Четверг | F44: Пятница
A45: 8.45-9.00 | B45: Сонастройка | C45: Сонастройка | D45: Сонастройка | E45: Сонастройка | F45: Сонастройка
A46: 9.00-9.45 | B46: Русский язык | C46: Окружающий мир | D46: Русский язык | E46: Технология | F46: Математика
A47: 9.55-10.40 | B47: Английский язык | C47: Литературное чтение | D47: Английский язык | E47: Английский язык | F47: Окружающий мир
A48: 10.50-11.35 | B48: Математика | C48: Тьюторский час | D48: Математика | E48: Литературное чтение | F48: Русский язык
A49: 11.45-12.30 | B49: Музыка
A50: 12.30-15.00 | B50: ОБЕД
A51: 15.00-16.00 | B51: Продленка
A52: 16.00 -17.00 | B52: Творческая мастерская | C52: Творческая мастерская | D52: Творческая мастерская
A54: 3А
A55: Время | B55: Понедельник | C55: Вторник | D55: Среда | E55: Четверг | F55: Пятница
A56: 8.45-9.00 | B56: Сонастройка | C56: Сонастройка | D56: Сонастройка | E56: Сонастройка | F56: Сонастройка
A57: 9.00-9.45 | B57: Математика | C57: Литература | D57: Окружающий мир | E57: Математика | F57: Окружающий мир
A58: 9.55-10.40 | B58: Английский язык | C58: Математика | D58: Литература | E58: Русский язык | F58: Русский язык
A59: 10.50-11.35 | B59: Русский язык | C59: Музыка | D59: Тьюторский час | E59: Английский язык | F59: ИЗО
A60: 11.45-12.30 | F60: Английский язык
A61: 11.35/12.30 - 15.00 | B61: ОБЕД
A62: 15.00-16.00 | B62: Продленка
A63: 16.00-17.00 | B63: Творческая мастерская | C63: Творческая мастерская | D63: Творческая мастерская
A65: 3Б
A66: Время | B66: Понедельник | C66: Вторник | D66: Среда | E66: Четверг | F66: Пятница
A67: 11.30-11.45 | B67: Сонастройка | C67: Сонастройка | D67: Сонастройка | E67: Сонастройка | F67: Сонастройка
A68: 11.45-12.30 | B68: Тьюторский час | C68: Литература | D68: Английский язык | E68: Окружающий мир | F68: Русский язык
A69: 12.40-13.25 | B69: Русский язык | C69: Технология | D69: Литература | E69: Русский язык | F69: Английский язык
A70: 13.35-14.20 | B70: Математика | C70: Музыка | D70: Окружающий мир | E70: Английский язык | F70: Математика
A71: 14.30-15.15 | B71: Окружающий мир
A72: 14.20/15.15- 15.00/16.00 | B72: ОБЕД
A73: 15.00-16.00 | C73: продленка | D73: продленка | E73: продленка | F73: продленка
A74: 16.00-17.00 | B74: Творческая мастерская | C74: Творческая мастерская | D74: Творческая мастерская
A76: 3В
A77: Время | B77: Понедельник | C77: Вторник | D77: Среда | E77: Четверг | F77: Пятница
A78: 9.00-9.45 | B78: Математика | C78: Музыка | D78: Математика | E78: Литература | F78: Русский язык
A79: 9.55-10.40 | B79: Тьюторский час | C79: Окружающий мир | D79: Английский язык | E79: Английский язык | F79: Окружающий мир
A80: 10.50-11.35 | B80: Русский язык | C80: Литература | D80: Русский язык | E80: Математика | F80: Английский язык
A81: 11.45-12.30 | C81: Технология
A82: 11.45-12.30 | C82: Технология
A83: 12.30-15.00 | B83: ОБЕД
A84: 15.00-16.00 | B84: Продленка
A85: 16.00-17.00 | B85: Творческая мастерская | C85: Творческая мастерская | D85: Творческая мастерская
A87: 4А
A88: Время | B88: Понедельник | C88: Вторник | D88: Среда | E88: Четверг | F88: Пятница
A89: 8.45-9.00 | B89: Сонастройка | C89: Сонастройка | D89: Сонастройка | E89: Сонастройка | F89: Сонастройка
A90: 9.00-9.45 | B90: Тьюторский час | C90: Математика | D90: Английский язык | E90: Английский язык | F90: Английский язык
A91: 9.55-10.40 | B91: Окружающий мир | C91: Музыка | D91: Русский язык | E91: Математика | F91: Технология
A92: 10.50-11.35 | B92: Математика | C92: Русский язык | D92: Окружающий мир | F92: Русский язык
A93: 11.45-12.30 | B93: Литература | F93: Литература
A94: 11.45/12.30- 15.00 | B94: ОБЕД
A95: 15.00-16.00 | B95: Продленка
A96: 16.00-17.00 | B96: Творческая мастерская | C96: Творческая мастерская | D96: Творческая мастерская
A98: 4Б
A99: Время | B99: Понедельник | C99: Вторник | D99: Среда | E99: Четверг | F99: Пятница
A100: 11.30-11.45 | B100: Сонастройка | C100: Сонастройка | D100: Сонастройка | E100: Сонастройка | F100: Сонастройка
A101: 11.45-12.30 | B101: Технология | C101: Математика | D101: Окружающий мир | E101: Английский язык | F101: Окружающий мир
A102: 12.40-13.25 | B102: Русский язык | C102: Музыка | D102: Английский язык | E102: Математика | F102: Английский язык
A103: 13.35-14.20 | B103: Математика | C103: Литература | D103: Русский язык | E103: Русский язык | F103: Литература
A104: 14.30-15.15 | F104: Тьютоский час Цуркан
A105: 14.20/15.15 - 15.00/16.00 | B105: ОБЕД
A106: 15.00-16.00 | B106: Продленка | C106: Продленка | D106: Продленка | E106: Продленка
A107: 16.00-17.00 | B107: Творческая мастерская | C107: Творческая мастерская | D107: Творческая мастерская
A109: 4В
A110: Время | B110: Понедельник | C110: Вторник | D110: Среда | E110: Четверг | F110: Пятница
...

Sheet Расписание тьюторы
J1: Расписание уроков ЭИ
B2: Алла Силосьева / 2а, 3а, 5а | J2: Урок | L2: Понедельник | M2: Вторник | N2: Среда | O2: Четверг | P2: Пятница
C3: Понедельник | D3: Вторник | E3: Среда | F3: Четверг | G3: Пятница | J3: 1 | K3: 9.00–9.45/ 9.00-9.30 | L3: Тьюторский час 4А (Цуркан) | M3: Тьюторский час 4В (Цуркан) | O3: Тьюторский час 7Б (Лалетина)
A4: Урок | B4: Сонастройка 8.45 - 9.00 | C4: 2а | D4: 3а | E4: 5а | F4: 2а | G4: 3а | H4: в среду стоял 2а, теперь 5А | J4: 2 | K4: 9.55–10.40/ 9.45-10.15 | N4: Тьюторский час 5А (Силосьева)
A5: 1 | B5: 9.00–9.45 | F5: Тьюторский час 3А | N5: Тьюторский час 9А (Лалетина)
A6: 2 | B6: 9.55–10.40 | E6: Тьюторский час 5А | J6: 3 | K6: 10.50–11.35/ 10.30-11.00 | L6: Тьюторский час 6Б (Голубева) | M6: Тьюторский час 1А (Рассолова) | N6: Тьюторский час 6А (Голубева) | P6: Тьюторский час 2А (Силосьева)
A7: 3 | B7: 10.50–11.35 | G7: Тьюторский час 2А | P7: Тьюторский час 3В (Аношко)
A8: 4 | B8: 11.45–12.30 | J8: 4 | K8: 11.45–12.30/ 11.45-12.15 | L8: Тьюторский час 3Б (Аношко) | M8: Тьюторский час 5Б (Лукина) | P8: Тьюторский час 2Б (Рассолова)
A9: 5 | B9: 12.40–13.25 | O9: Тьюторский час 3А (Силосьева)
A10: 6 | B10: 13.35–14.20 | J10: 5 | K10: 12.40–13.25/ 12.30-13.00 | M10: Тьюторский час 5В (Лукина) | P10: Тьюторский час 8А (Лалетина)
A11: 7 | B11: 14.30–15.15 | J11: 6 | K11: 13.35–14.20/ 13.15-13.45 | N11: Тьюторский час 1Б (Рассолова)
A12: 8 | B12: 15.00 - 16.00 | J12: 7 | K12: 14.30–15.15 | N12: Тьюторский час 7А (Лалетина) | P12: Тьюторский час 4Б (Цуркан)
A13: 9 | B13: 16.00 - 17.00 | C13: Творческая мастерская (1А, 1Б, 2А) | D13: Творческая мастеркая (3а, 3в, 4а, 4в)
B18: Рассолова Екатерина / 1а, 1б, 2б, 2в
C19: Понедельник | D19: Вторник | E19: Среда | F19: Четверг | G19: Пятница
A20: Урок | B20: Сонастройка 8.45 - 9.00 | C20: 1А | D20: 1А | E20: 1А | F20: 1А | G20: 1А
A21: 1 | B21: 9.00–9.30
A22: 2 | B22: 9.45–10.15
A23: 3 | B23: 10.30-11.00 | D23: Тьюторский час 1А
B24: Сонастройка 11.30-11.45 | C24: 2Б | D24: 1Б | E24: 2Б | F24: 1Б | G24: 2Б
A25: 4 | B25: 11.45–12.30/ 11.45-12.15 | G25: Тьюторский час 2В
A26: 5 | B26: 12.40–13.25/ 12.30-13.00
A27: 6 | B27: 13.35–14.20/ 13.15-13.45 | C27: Тьюторский час 2Б | E27: Тьюторский час 1Б
A28: 7 | B28: 14.30–15.15
B29: 15.00-16.00 | C29: Продленка (1а, 1б)
A30: 8 | B30: 16.00-17.00 | D30: Творческая мастерская (1А, 1Б)
A32: Лиана Аношко / 3б, 3в
C33: Понедельник | D33: Вторник | E33: Среда | F33: Четверг | G33: Пятница
A34: Урок | B34: Сонастройка 8.45 - 9.00 | C34: 3В | D34: 3В | E34: 3В | F34: 3В | G34: 3В
A35: 1 | B35: 9.00–9.45
A36: 2 | B36: 9.55–10.40 | C36: Тьюторский час 3В
A37: 3 | B37: 10.50–11.35
B38: Сонастройка 11.30-11.45 | C38: 3Б | D38: 3Б | E38: 3Б | F38: 3Б | G38: 3Б
A39: 4 | B39: 11.45–12.30 | C39: Тьюторский час 3Б
A40: 5 | B40: 12.40–13.25
A41: 6 | B41: 13.35–14.20
A42: 7 | B42: 14.00-15.00
A43: 8 | B43: 15.00 - 16.00 | C43: Продленка (3а, 3б, 3в)
A44: 9 | B44: 16.00-17.00 | C44: Творческая мастерская (2Б, 3Б, 4Б) | E44: Творческая мастерская (2Б, 3Б, 4Б)
A46: Голубева Елизавета / 6а, 6б
C47: Понедельник | D47: Вторник | E47: Среда | F47: Четверг | G47: Пятница
A48: Урок | B48: Сонастройка 8.45 - 9.00 | C48: 6А | D48: 6Б | E48: 6А | F48: 6Б | G48: 6А
A49: 1 | B49: 9.00–9.45
A50: 2 | B50: 9.55–10.40
A51: 3 | B51: 10.50–11.35 | C51: Тьюторский час 6Б | E51: Тьюторский час 6А
B52: Сонастройка 11.30-11.45
A53: 4 | B53: 11.45–12.30
A54: 5 | B54: 12.40–13.25
A55: 6 | B55: 13.35–14.20
A56: 7 | B56: 14.00-15.00 | C56: Продленка (6а, 6б)
A57: 8 | B57: 15.00 - 16.00 | C57: Твореческая мастерская (5А, 6А, 6Б)
A58: 9 | B58: 16.00-17.00
A60: Лукина Юлия / 5б, 5в
C61: Понедельник | D61: Вторник | E61: Среда | F61: Четверг | G61: Пятница
A62: Урок | B62: Сонастройка 8.45 - 9.00 | C62: 5Б | D62: 5Б | E62: 5Б | F62: 5Б | G62: 5Б
A63: 1 | B63: 9.00–9.45
A64: 2 | B64: 9.55–10.40
A65: 3 | B65: 10.50–11.35
B66: Сонастройка 11.30-11.45 | C66: 5В | D66: 5В | E66: 5В | F66: 5В | G66: 5В
A67: 4 | B67: 11.45–12.30 | D67: Тьюторский час 5Б
A68: 5 | B68: 12.40–13.25 | D68: Тьюторский час 5В
A69: 6 | B69: 13.35–14.20
A70: 7 | B70: 14.00-15.00
A71: 8 | B71: 15.00 - 16.00
A72: 9 | B72: 16.00-17.00 | C72: Продленка (5а, 5б, 5в, 7а)
B73: 17.00-18.00 | C73: Творческая мастерская (5б, 5в, 7а)
A75: Цуркан Юлия / 4а, 4б, 4в
C76: Понедельник | D76: Вторник | E76: Среда | F76: Четверг | G76: Пятница
A77: Урок | B77: Сонастройка 8.45 - 9.00 | C77: 4А | D77: 4В | E77: 4А | F77: 4В | G77: 4А
A78: 1 | B78: 9.00–9.45 | C78: Тьюторский час 4А | D78: Тьюторский час 4В
A79: 2 | B79: 9.55–10.40
A80: 3 | B80: 10.50–11.35
B81: Сонастройка 11.30-11.45 | C81: 4Б | D81: 4Б | E81: 4Б | F81: 4Б | G81: 4Б
A82: 4 | B82: 11.45–12.30
A83: 5 | B83: 12.40–13.25
A84: 6 | B84: 13.35–14.20
A85: 7 | B85: 14.30-15.15 | G85: Тьюторский час 4Б
A86: 8 | B86: 15.00 - 16.00 | C86: Продленка (4а, 4б, 4в)
A87: 9 | B87: 16.00-17.00 | C87: Творческая мастерская ( 3а, 3в, 4а, 4в) | D87: Творческая мастерская (2б, 3б, 4б) | E87: Творческая мастерская ( 3а, 3в, 4а, 4в)
A89: Лалетина Елизавета / 7а, 7б, 8а,9а
C90: Понедельник | D90: Вторник | E90: Среда | F90: Четверг | G90: Пятница
A91: Урок | B91: Сонастройка 8.45 - 9.00 | C91: 8А | D91: 7Б | E91: 8А | F91: 9А | G91: 9А
A92: 1 | B92: 9.00–9.45 | F92: Тьюторский час 7Б
A93: 2 | B93: 9.55–10.40 | E93: Тьюторский час 9А
A94: 3 | B94: 10.50–11.35
B95: Сонастройка 11.30-11.45 | C95: 7А | D95: 7А | E95: 7А | F95: 7А | G95: 7А
A96: 4 | B96: 11.45–12.30
A97: 5 | B97: 12.40–13.25 | G97: Тьюторский час 8А
A98: 6 | B98: 13.35–14.20
A99: 7 | B99: 14.30-15.15 | E99: Тьюторский час 7А
A100: 8 | B100: 15.00 - 16.00
A101: 9 | B101: 16.30-17.30 | C101: Творческая мастерская (7б, 8а, 9а)
B103: Коновалова Евгения
C104: Понедельник | D104: Вторник | E104: Среда | F104: Четверг | G104: Пятница
A105: Урок | B105: Сонастройка 8.45 - 9.00
A106: 1 | B106: 9.00–9.45
A107: 2 | B107: 9.55–10.40
A108: 3 | B108: 10.50–11.35 | E108: ЭИ Харченко М. (10.25-11.15)
B109: Сонастройка 11.30-11.45 | C109: 1б | E109: 1б
A110: 4 | B110: 11.45–12.30
...

Sheet Расписание по педагогам
A1: Расписание: Бондарь Ольга (ИЗО/технология) Количество часов:11 | F1: 11 | H1: согласовано
A3: Урок | B3: Время | C3: Понедельник | D3: Вторник | E3: Среда | F3: Четверг | G3: Пятница
A4: 1 | B4: 9.00–9.45 | D4: 2А | E4: 4В | F4: 2В | G4: 1А
A5: 2 | B5: 9.55–10.40 | G5: 4А
A6: 3 | B6: 10.50–11.35 | G6: 3А
A7: 4 | B7: 11.45–12.30 | C7: 4Б | D7: 3В | G7: 2Б
A8: 5 | B8: 12.40–13.25 | C8: 1Б | D8: 3Б
A9: 6 | B9: 13.35–14.20
A10: 7 | B10: 14.30–15.15
A11: 8
A12: 101
A13: 102
I14: старое расписание | Q14: старое расписание
A15: Расписание: Ерохина Анастасия (Английский язык) Количество часов: 15 | H15: согласовано | I15: Расписание: Ерохина Анастасия (Английский язык) Количество часов: 15 | Q15: Расписание: Ерохина Анастасия (Английский язык) Количество часов: 15
A17: Урок | B17: Время | C17: Понедельник | D17: Вторник | E17: Среда | F17: Четверг | G17: Пятница | I17: Урок | J17: Время | K17: Понедельник | L17: Вторник | M17: Среда | N17: Четверг | O17: Пятница | Q17: Урок | R17: Время | S17: Понедельник | T17: Вторник | U17: Среда | V17: Четверг | W17: Пятница
A18: 1 | B18: 9.00–9.45 | I18: 1 | J18: 9.00–9.45 | Q18: 1 | R18: 9.00–9.45
A19: 2 | B19: 9.55–10.40 | C19: 3А | E19: 3В | F19: 3В | G19: 2А | I19: 2 | J19: 9.55–10.40 | K19: 3В | L19: 3А | M19: 3В | N19: 3В | O19: 2А | Q19: 2 | R19: 9.55–10.40 | S19: 3А | U19: 3В | V19: 3В | W19: 2А
A20: 3 | B20: 10.50–11.35 | C20: 2А | E20: 2А | F20: 3А | G20: 3В | I20: 3 | J20: 10.50–11.35 | K20: 3А | M20: 2А | N20: 3А | Q20: 3 | R20: 10.50–11.35 | U20: 2А | V20: 3А | W20: 3В
B21: 11.30-11.45 | D21: сонастройка | J21: 11.30-11.45 | L21: сонастройка | R21: 11.30-11.45 | T21: сонастройка
A22: 4 | B22: 11.45–12.30 | D22: 2Б | E22: 3Б | G22: 3А | I22: 4 | J22: 11.45–12.30 | K22: 2А | L22: 2Б | M22: 3Б | Q22: 4 | R22: 11.45–12.30 | S22: 2А | T22: 2Б | U22: 3Б | W22: 3А
A23: 5 | B23: 12.40–13.25 | F23: 2Б | G23: 3Б | I23: 5 | J23: 12.40–13.25 | N23: 2Б | O23: 3Б | Q23: 5 | R23: 12.40–13.25 | V23: 2Б | W23: 3Б
A24: 6 | B24: 13.35–14.20 | E24: 2Б | F24: 3Б | I24: 6 | J24: 13.35–14.20 | M24: 2Б | N24: 3Б | Q24: 6 | R24: 13.35–14.20 | U24: 2Б | V24: 3Б
A25: 7 | B25: 14.30–15.15 | I25: 7 | J25: 14.30–15.15 | Q25: 7 | R25: 14.30–15.15
A26: 8 | I26: 8 | Q26: 8
A27: 101 | I27: 101 | Q27: 101
A28: 102 | I28: 102 | Q28: 102
A30: Расписание: Малкова Полина (Английский язык) Количество часов: 12 | I30: Расписание: Малкова Полина (Английский язык) Количество часов: 12
A32: Урок | B32: Время | C32: Понедельник | D32: Вторник | E32: Среда | F32: Четверг | G32: Пятница | I32: Урок | J32: Время | K32: Понедельник | L32: Вторник | M32: Среда | N32: Четверг | O32: Пятница
B33: 8.45-9.00 | C33: сонастройка | J33: 8.45-9.00 | K33: сонастройка
A34: 1 | B34: 9.00–9.45 | C34: 4В | E34: 4А | F34: 4А | G34: 4А | I34: 1 | J34: 9.00–9.45 | K34: 4В | M34: 4А | N34: 4А | O34: 4А
A35: 2 | B35: 9.55–10.40 | C35: 2В | E35: 2В | F35: 2В | G35: 4В | I35: 2 | J35: 9.55–10.40 | K35: 2В | M35: 2В | N35: 2В | O35: 4В
A36: 3 | B36: 10.50–11.35 | F36: 4В | I36: 3 | J36: 10.50–11.35 | N36: 4В
A37: 4 | B37: 11.45–12.30 | I37: 4 | J37: 11.45–12.30 | N37: 4Б
A38: 5 | B38: 12.40–13.25 | F38: 4Б | G38: 4Б | I38: 5 | J38: 12.40–13.25 | O38: 4Б
A39: 6 | B39: 13.35–14.20 | E39: 4Б | I39: 6 | J39: 13.35–14.20 | M39: 4Б
A40: 7 | B40: 14.30–15.15 | I40: 7 | J40: 14.30–15.15
A41: 8 | I41: 8
A42: 101 | I42: 101
A43: 102 | I43: 102
A45: Расписание: Матвеева Валерия (Английский язык) Количество часов: 9
A47: Урок | B47: Время | C47: Понедельник | D47: Вторник | E47: Среда | F47: Четверг | G47: Пятница
B48: 8.45-9.00
A49: 1 | B49: 9.00–9.45 | E49: индивидуал
A50: 2 | B50: 9.55–10.40 | C50: индивидуал | E50: 5Б | F50: 5Б
A51: 3 | B51: 10.50–11.35 | C51: 5А | E51: 5А | G51: индивидуал
A52: 4 | B52: 11.45–12.30 | C52: 5Б | G52: 5А
A53: 5 | B53: 12.40–13.25 | C53: индивидуал | E53: индивидуал
A54: 6 | B54: 13.35–14.20 | C54: 5В | G54: 5В
A55: 7 | B55: 14.30–15.15 | E55: 5В
A59: Расписание: Зиновьева Александра (Английский язык) Количество часов: 12 | I59: Расписание: Латышева Ирина (Английский язык) Количество часов: 18 | Q59: Расписание: Латышева Ирина (Английский язык) Количество часов: 18
A61: Урок | B61: Время | C61: Понедельник | D61: Вторник | E61: Среда | F61: Четверг | G61: Пятница | I61: Урок | J61: Время | K61: Понедельник | L61: Вторник | M61: Среда | N61: Четверг | O61: Пятница | Q61: Урок | R61: Время | S61: Понедельник | T61: Вторник | U61: Среда | V61: Четверг | W61: Пятница
B62: 8.45-9.00 | C62: сонастройка | E62: сонастройка | J62: 8.45-9.00 | O62: сонастройка | R62: 8.45-9.00 | W62: сонастройка
A63: 1 | B63: 9.00–9.45 | C63: 6Б | D63: 6Б | E63: 6Б | I63: 1 | J63: 9.00–9.45 | L63: 6Б | M63: 6Б | N63: 9А | O63: 8А | Q63: 1 | R63: 9.00–9.45 | T63: 6Б | U63: 6Б | V63: 9А | W63: 8А
A64: 2 | B64: 9.55–10.40 | C64: 6А | E64: 6А | I64: 2 | J64: 9.55–10.40 | L64: 8А | M64: 6А | N64: 7Б | O64: 6А | Q64: 2 | R64: 9.55–10.40 | T64: 8А | U64: 6А | V64: 7Б | W64: 6А
A65: 3 | B65: 10.50–11.35 | D65: 7Б | E65: 7Б | I65: 3 | J65: 10.50–11.35 | L65: 7Б | M65: 7Б | Q65: 3 | R65: 10.50–11.35 | T65: 7Б | U65: 7Б | V65: 6Б
A66: 4 | B66: 11.45–12.30 | E66: 7А | F66: 7Б | G66: 6А | I66: 4 | J66: 11.45–12.30 | K66: 8А | L66: 9А | M66: 7А | N66: 7а | Q66: 4 | R66: 11.45–12.30 | S66: 8А | T66: 6А | U66: 7А | V66: 7а
A67: 5 | B67: 12.40–13.25 | F67: 7А | I67: 5 | J67: 12.40–13.25 | K67: 6Б | Q67: 5 | R67: 12.40–13.25 | S67: 9а | T67: 9А
A68: 6 | B68: 13.35–14.20 | I68: 6 | J68: 13.35–14.20 | K68: 6А | Q68: 6 | R68: 13.35–14.20
A69: 7 | B69: 14.30–15.15 | I69: 7 | J69: 14.30–15.15 | Q69: 7 | R69: 14.30–15.15
A70: 8 | B70: 15.25-16.10 | G70: 7А | I70: 8 | J70: 15.25-16.10 | O70: 7А | Q70: 8 | R70: 15.25-16.10 | W70: 7А
A74: Расписание: Латышева Ирина (Английский язык) Количество часов: 6 | H74: согласовано
A75: Урок | B75: Время | C75: Понедельник | D75: Вторник | E75: Среда | F75: Четверг | G75: Пятница
B76: 8.45-9.00 | G76: сонастройка
A77: 1 | B77: 9.00–9.45 | F77: 9А | G77: 8А
A78: 2 | B78: 9.55–10.40 | D78: 8А | G78: 9А
A79: 3 | B79: 10.50–11.35
A80: 4 | B80: 11.45–12.30 | C80: 8А | D80: 9А
A81: 5 | B81: 12.40–13.25 | F81: индивидуал
A82: 6 | B82: 13.35–14.20
A83: 7 | B83: 14.30–15.15
A84: 8
A85: 101
A86: 102
A88: Расписание: Козлова Галина (Русский язык, Литература) Количество часов: 20 | H88: согласовано
A90: Урок | B90: Время | C90: Понедельник | D90: Вторник | E90: Среда | F90: Четверг | G90: Пятница
B91: 8.45-9.00 | C91: сонастройка | E91: сонастройка | F91: сонастройка | G91: сонастройка
A92: 1 | B92: 9.00–9.45 | C92: 2А | D92: 3А | E92: 2А | F92: 2А | G92: 2А
A93: 2 | B93: 9.55–10.40 | D93: 2А | E93: 3А | F93: 3А | G93: 3А
A94: 3 | B94: 10.50–11.35 | C94: 3А
A95: 4 | B95: 11.45–12.30 | C95: 2Б | D95: 2Б | E95: 2Б | F95: 2Б | G95: 3Б
A96: 5 | B96: 12.40–13.25 | C96: 3Б | D96: 3Б | E96: 3Б | F96: 3Б
A97: 6 | B97: 13.35–14.20 | G97: 2Б
A98: 7 | B98: 14.30–15.15
A99: 8
A100: 101
A101: 102
A103: Расписание: Чеченкова Светлана (Математика, Окружающий мир) Количество часов: 15 | H103: согласовано
A105: Урок | B105: Время | C105: Понедельник | D105: Вторник | E105: Среда | F105: Четверг | G105: Пятница
D106: сонастройка | F106: сонастройка | G106: сонастройка
A107: 1 | B107: 9.00–9.45 | C107: 3В | D107: 4А | E107: 3В | F107: 4В | G107: 4В
A108: 2 | B108: 9.55–10.40 | C108: 4А | D108: 3В | E108: 4В | F108: 4А | G108: 3В
A109: 3 | B109: 10.50–11.35 | C109: 4А | D109: 4В | E109: 4А | F109: 3В | G109: 4В
A110: 4 | B110: 11.45–12.30
A111: 5 | B111: 12.40–13.25
A112: 6 | B112: 13.35–14.20
A113: 7 | B113: 14.30–15.15
A114: 8
A115: 101
A116: 102
A118: Расписание: Конохов Павел (русский, литература) Количество часов: 13 | H118: уволился
...

Sheet Лист33
A1: Расписание: Ларшина Анастасия (Алгебра, Геометрия, Информатика) Количество часов: 19 | I1: Расписание: Ларшина Анастасия (Алгебра, Геометрия, Информатика) Количество часов: 19
A3: Урок | B3: Время | C3: Понедельник | D3: Вторник | E3: Среда | F3: Четверг | G3: Пятница | I3: Урок | J3: Время | K3: Понедельник | L3: Вторник | M3: Среда | N3: Четверг | O3: Пятница
D4: сонастройка | F4: сонастройка | K4: сонастройка | L4: сонастройка | N4: сонастройка | O4: сонастройка
A5: 1 | B5: 9.00–9.45 | C5: 8А | D5: 8А | E5: 9А | F5: 8А | G5: 9А | I5: 1 | J5: 9.00–9.45 | K5: 7Б (алгебра) | L5: 8А | M5: 9А | N5: 8А | O5: 7Б (геометрия)
A6: 2 | B6: 9.55–10.40 | C6: 8А | D6: 9А | E6: 9А | F6: 9А | G6: 8А | I6: 2 | J6: 9.55–10.40 | K6: 8А | L6: 9А | M6: 9А | N6: 9А | O6: 8А
A7: 3 | B7: 10.50–11.35 | C7: 9А | D7: 7Б (алгебра) | E7: 8А | F7: 7Б (алгебра) | G7: 7Б (геометрия) | I7: 3 | J7: 10.50–11.35 | K7: 9А | M7: 8А | N7: 7Б (алгебра) | O7: 8А (инф)
A8: 4 | B8: 11.45–12.30 | C8: 7Б | D8: 7А | E8: 7Б (геометрия) | F8: 7Б (алгебра) | I8: 4 | J8: 11.45–12.30 | K8: 7Б | L8: 7А | M8: 7Б (геометрия) | N8: 7Б (геометрия) | O8: 9А
A9: 5 | B9: 12.40–13.25 | D9: 7А | G9: 7А | I9: 5 | J9: 12.40–13.25 | L9: 7А | O9: 7А
A10: 6 | B10: 13.35–14.20 | G10: 7А | I10: 6 | J10: 13.35–14.20 | O10: 7А
A11: 7 | B11: 14.30–15.15 | F11: 7А | I11: 7 | J11: 14.30–15.15 | N11: 7А
A12: 8 | C12: 7А | I12: 8 | K12: 7А
A13: 101 | I13: 101
A14: 102 | I14: 102
A16: Расписание: Карнаушенко Оксана (Математика) Количество часов: 11
A18: Урок | B18: Время | C18: Понедельник | D18: Вторник | E18: Среда | F18: Четверг | G18: Пятница
B19: 8.45 -9.00 | C19: сонастройка | E19: сонастройка | G19: сонастройка
A20: 1 | B20: 9.00–9.45
A21: 2 | B21: 9.55–10.40 | E21: 6Б | F21: 6Б
A22: 3 | B22: 10.50–11.35 | C22: 6А | D22: 6А | F22: 6А
A23: 4 | B23: 11.45–12.30 | D23: 6Б
A24: 5 | B24: 12.40–13.25
A25: 6 | B25: 13.35–14.20
A26: 7 | B26: 14.30–15.15
A27: 8
A28: 101
A29: 102

Sheet ОГЭЕГЭ
A1: Педагог | B1: Предмет | C1: Слоты | D1: Ставка педагога | E1: Комментарий
A2: Латышева Ирина | B2: английский язык | C2: пн - 12.40 - 16.30 вт - 12.40 - 13.30 ср - 9.00 - 13.00 чт - 10.00 - 12.30 пт - 12.00 - 13.00 / 14.30 - 15.15 | D2: у нее урок стоит 1500 р. | E2: Только ОГЭ
A3: Мишина Валерия | B3: русский язык и литература | E3: думает до 5.02, интересно предложение
A4: Вайнула Анастасия | B4: русский язык и литература | E4: сейчас увеличилась нагрузка за счет 8а, 9.02 даст ответ
A5: Ларшина Анастасия | B5: алгебра, геометрия, информатика | E5: жду слоты, обещала сегодня после занятий скинуть
A6: Гайденко Елена | B6: география | C6: Понедельник: 15.00, 19.00, 20.00 Вторник: 15.00 (инд.Фисюк Артем - если сдвинем на 14.00 - можно освободить), 19.00, 20.00. Среда: 16.00, 20.00, скоро освободится и 15.00 Четверг: 15.00 (1 раз в месяц Ульяна Гавриш - если сдвинем на 14.00 - можно освободить), 20.00. Пятница: 15.00, 19.00, 20.00. Суббота: 9.00, 10.00, 11.00, 12.00 | D6: 800р - мини-группа, 1200р - инд | E6: ОГЭ/ЕГЭ
A7: Коломеец Екатерина | B7: обществознание | C7: Понедельник: 15:00 - 15:45, 16:00 - 16:45; Вторник 17:00 - 17:45 Среда: 15:00 - 15:45, 16:00 - 16:45; Четверг: 17:00 - 17:45; 18:00 - 18:45 Пятница: 14:00-14:45; 15:00 - 15:45, 16:00 - 16:45; | D7: Мини-группа - 800 рублей Инд. занятие - 1000 рублей | E7: ОГЭ/ЕГЭ
A8: Смирнова Вероника | B8: русский язык и литература | C8: - понедельник: 14:00; 15:00; 18:00 - четверг: 15:00; 16:00; 19:00 - пятница: 15:00; 17:00 | D8: 800 р | E8: ОГЭ/ЕГЭ Только индивидуалы
A9: Баранникова Лада | B9: химия | C9: Пн 19.00-22.00 Вт 19.00-22.00 Пт 17.00-22.00 Сб 17.00-22.00 Вс 17.00-22.00 | D9: 800 р | E9: ОГЭ/ЕГЭ Только индивидуалы
A10: Матвеева Валерия | B10: английский язык | C10: 1. Вторник: с 15:00 до 18:00. 2. Среда: 14:30 - 15:30. 3. Четверг: с 15:00 до 18:00 4. Пятница: с 14:30 до 15:30, с 16:30 до 17:30 5.В субботу: - с 9:00 до 11:00; - с 13:00 до 14:00 - с 15:00 до 16:00 | E10: Только ОГЭ Только индивидуалы
A11: Помещикова Мария | B11: история | E11: На данный момент на март у меня нет лимита, так как я еще не распределила туда нагрузку
A12: Потенциал
A13: Созонов Никита | B13: химия
A14: Виноградова | B14: математика
A15: Холкин | B15: физика

Sheet Нагрузка педагогов
A1: Педагог | B1: Нагрузка классы | C1: Нагрузка инди | D1: Всего
A2: Бондарь Ольга | B2: 11 | D2: 11
A3: Ерохина Анастасия | B3: 15 | D3: 15 | E3: помощник
A4: Дутова Анна | B4: 0 | C4: 6 | D4: =SUM(B4:C4) -> 6
A5: Зиновьева Александра | B5: 12 | C5: 2 | D5: 14
A6: Латышева Ирина | B6: 6 | C6: 1 | D6: 7 | E6: Калинина
A7: Козлова Галина | B7: 20 | D7: 20
A8: Чеченкова Светлана | B8: 15 | D8: 15
A9: Конохов Павел | B9: 13 | D9: 13
A10: Савина Ксения | B10: 25 | D10: 25
A11: Петрова Елизавета | B11: 15 | D11: 15
A12: Карабанова Маргарита | B12: 11 | D12: 11
A13: Тенешева Дарья | B13: 11 | D13: 11
A14: Мишина Валерия | B14: 15 | D14: 15
A15: Вайнула Анастасия | B15: 20 | D15: 20
A16: Ларшина Анастасия | B16: 19 | D16: 19
A17: Михайлова Марина | B17: 9 | D17: 9
A18: Карнаушенко Оксана | B18: 11 | D18: 11
A19: Павленко Ольга | B19: 10.5 | C19: 1 | D19: =SUM(B19:C19) -> 11.5
A20: Четверикова Ксения | B20: 2 | C20: 1 | D20: =SUM(B20:C20) -> 3
A21: Липко Владлена | B21: 7.5 | D21: 7.5
A22: Павликов Дмитрий | B22: 19 | D22: 19
A23: Гайденко Елена | B23: 9 | C23: 1 | D23: 10
A24: Абдуллаева Джамиля | B24: 5 | C24: 5 | D24: =SUM(B24:C24) -> 10
A25: Пашкова Анна | B25: 15 | C25: 0 | D25: =SUM(B25:C25) -> 15
A26: Коломеец Екатерина | B26: 1 | C26: 2 | D26: =SUM(B26:C26) -> 3
A27: Гусева Алеся | C27: 8 | D27: 8
A28: Шашерина Дана | B28: 0 | C28: 0 | D28: =SUM(B28:C28) -> 0
A29: ??? | B29: 9 | D29: 9
A30: Малкова Полина | B30: 12 | D30: 12

Sheet Заменыотмены
A1: Педагог | B1: Класс | C1: Предмет | D1: Дата | E1: Решение | G1: Класс | H1: Предмет | I1: Даты | J1: Отработка
A2: Павликов | B2: 5А | C2: история | D2: 45989 | E2: заменили анг.яз (Шашерина) и биологией | G2: 6а | H2: анг.яз | I2: 26.01, 30.01, 2.02, 9.02 | J2: 11.02 -отработка урока за 26.01, 18.02 - отработка урока за 30.01
B3: 7А | C3: история | E3: отмена урока | G3: 6б | H3: анг.яз | I3: 26.01, 02.02
A4: Чеченкова | B4: 3в, 4в | C4: окр.мир | D4: 45989 | E4: заменили Конохов и Пашкова | G4: 6а | H4: математика | I4: 46059
A5: Савина | B5: 3а | C5: окр.мир | D5: 45989 | E5: отмена урока | G5: 6б | H5: математика | I5: 46059
B6: 1а | C6: математика | D6: 45989 | E6: отмена урока | G6: 7б | H6: геометрия | I6: 46062
B7: 1б | C7: математика | D7: 45989 | E7: заменила Джамиля | G7: 7б | H7: информатика | I7: 46062
B8: 2б | C8: математика | D8: 45989 | E8: заменила Анна Пашкова | G8: 7б | H8: анг.яз | I8: 46064
B9: 3б | C9: математика | D9: 45989 | E9: заменила Анна Пашкова | G9: 7а | H9: анг.яз | I9: 46064
A10: Пашкова | B10: 2в | C10: ом | D10: 45989 | E10: отмена урока,у Анны сгорел роутер | G10: 6а | H10: математика | I10: 46065
B11: 4б | C11: ом | D11: 45989 | E11: отмена урока,у Анны сгорел роутер
A12: Цуркан | D12: 1,2 декабря
A13: Чеченкова | B13: 4а | C13: математика | D13: 45993
B14: 3в | C14: ОМ
B15: 4в | C15: математика
A16: Ерохина | B16: 3б | C16: анг.яз | D16: 45994 | E16: замена Дутова А.
B17: 2б
B18: 2б | D18: 45995 | E18: замена Шашерина Д.
B19: 3б
B20: 2а | D20: 45996 | E20: замена Дутова А.
B21: 3в
B22: 3а
B23: 3б
A24: Четверикова | B24: 8а | C24: химия | D24: 45994 | E24: отмена урока
A25: Рассолова | B25: 2б | C25: сонастройка | D25: 45994 | E25: замена Козлова Г.
A26: Павликов | B26: 9а | C26: история | D26: 45999 | E26: замена на урок геометрии
A27: Чеченкова | B27: 3в | C27: окружающий мир | D27: 46010 | E27: замена Конохов Павел
A28: Аношко | B28: 3а, б,в | C28: продленка | D28: 46007 | E28: замена Силовьева Алла
A29: Рассолова | B29: 1а, 1б | C29: все | D29: 46007 | E29: замена Коновалова
A30: Рассолова | B30: 1а, 1б | D30: 46008 | E30: замена Коновалова и Савина
A31: Чеченкова | B31: 4а, 4в, 3в | C31: ОМ | D31: 46015 | E31: 4а - Джамиля, 3в - Аношко, 4в - Цуркан
A32: Ерохина | B32: 3в, 2а | C32: анг.яз | D32: 46015 | E32: отмена уроков
A33: Чеченкова | B33: 3в, 4а,4а | C33: математика/ОМ | D33: 46034 | E33: 3в - замена Аношко, 4а - замена Коновалова на оба урока, 4в- отмена урока
A34: Чеченкова | B34: 3в, 4в | C34: математика/ОМ | D34: 46035 | E34: 3в - замена Аношко, 4в- отмена урока
A35: Липко | B35: 7а, 7б, 9а | C35: физика | D35: 46036 | E35: отмена уроков
A36: Чеченкова | B36: 3в, 4а, 4в | C36: математика/ОМ | D36: 46036 | E36: 3в - замена Аношко, 4в - замена Цуркан, 4а - отмена урока
A37: Вайнула | B37: 7б | C37: русский язык | D37: 46038 | E37: отмена урока
A38: Ларшина | B38: 8а,7Б, 7а | C38: алгебра | D38: 46041 | E38: отмена уроков
A39: Ларшина | B39: 8а, 9а, 7а, 7а | C39: алгебра, геометрия | D39: 46042 | E39: 9а - замена Каранушенко, 8а, 7а - отмена уроков
A40: Вайнула | B40: 6а, 6б, 7а, 7б | D40: 46049 | E40: отмена всех уроков
A41: Даты | B41: 6а, 6б, 5б | C41: анг.яз | D41: 46048 | E41: отмена всех уроков
A42: Четверикова | B42: 8а, 9а | C42: химия | D42: 46050 | E42: отмена всех уроков

Sheet Учебный план
A1: Часов в неделю ПЛАН | M1: Часов в неделю ФАКТ (проверка)
A2: № | B2: Название | C2: 1 | D2: 2 | E2: 3 | F2: 4 | G2: 5 | H2: 6 | I2: 7 | J2: 8 | K2: 9 | M2: 1А | N2: =COUNTA('Расписание'!D3:D55) -> 1
A3: 1 | B3: Русский язык | C3: 2 | D3: 3 | E3: 3 | F3: 3 | G3: 3 | H3: 3 | I3: 3 | J3: 3 | K3: 3 | M3: 1Б | N3: =COUNTA('Расписание'!E3:E55) -> 1
A4: 2 | B4: Литература | C4: 2 | D4: 2 | E4: 2 | F4: 2 | G4: 2 | H4: 2 | I4: 2 | J4: 2 | K4: 2 | M4: 1В | N4: =COUNTA('Расписание'!F3:F55) -> 1
A5: 3 | B5: Математика | C5: 3 | D5: 3 | E5: 3 | F5: 3 | G5: 3 | H5: 3 | I5: 0 | J5: 0 | K5: 0 | M5: 2А | N5: =COUNTA('Расписание'!G3:G55) -> 1
A6: 4 | B6: Окружающий мир | C6: 2 | D6: 2 | E6: 2 | F6: 2 | G6: 0 | H6: 0 | I6: 0 | J6: 0 | K6: 0 | M6: 2Б | N6: =COUNTA('Расписание'!H3:H55) -> 1
A7: 5 | B7: Английский язык | C7: 0 | D7: 3 | E7: 3 | F7: 3 | G7: 3 | H7: 3 | I7: 3 | J7: 3 | K7: 3 | M7: 2В | N7: =COUNTA('Расписание'!I3:I55) -> 1
A8: 6 | B8: Музыка | C8: 0.5 | D8: 0.5 | E8: 0.5 | F8: 0.5 | G8: 0 | H8: 0 | I8: 0 | J8: 0 | K8: 0 | L8: Сам. изучение | M8: 3А | N8: =COUNTA('Расписание'!J3:J55) -> 1
A9: 7 | B9: Физкультура | C9: 0.5 | D9: 0.5 | E9: 0.5 | F9: 0.5 | G9: 0 | H9: 0 | I9: 0 | J9: 0 | K9: 0 | L9: Добавить: | M9: 3Б | N9: =COUNTA('Расписание'!K3:K56) -> 1
A10: 8 | B10: ИЗО | C10: 0.5 | D10: 0.5 | E10: 0.5 | F10: 0.5 | G10: 0 | H10: 0 | I10: 0 | J10: 0 | K10: 0 | L10: ОБЗР | M10: 3В | N10: =COUNTA('Расписание'!K4:K57) -> 1
A11: 9 | B11: Технология | C11: 0.5 | D11: 0.5 | E11: 0.5 | F11: 0.5 | G11: 0 | H11: 0 | I11: 0 | J11: 0 | K11: 0 | L11: Вероятность и статистика | M11: 4А | N11: ='Расписание'!M2 -> #REF!
A12: 10 | B12: Алгебра | C12: 0 | D12: 0 | E12: 0 | F12: 0 | G12: 0 | H12: 0 | I12: 3 | J12: 3 | K12: 3 | L12: ОДНКР (5 и 6 кл.) | M12: 4Б | N12: ='Расписание'!N2 -> #REF!
A13: 11 | B13: Геометрия | C13: 0 | D13: 0 | E13: 0 | F13: 0 | G13: 0 | H13: 0 | I13: 2 | J13: 2 | K13: 2 | M13: 4В | N13: ='Расписание'!O2 -> #REF!
A14: 12 | B14: Биология | C14: 0 | D14: 0 | E14: 0 | F14: 0 | G14: 1 | H14: 1 | I14: 1 | J14: 1 | K14: 1.5 | M14: 5А | N14: ='Расписание'!P2 -> #REF!
A15: 13 | B15: История | C15: 0 | D15: 0 | E15: 0 | F15: 0 | G15: 2 | H15: 2 | I15: 2 | J15: 2 | K15: 1 | M15: 5Б | N15: ='Расписание'!Q2 -> #REF!
A16: 14 | B16: Обществознание | C16: 0 | D16: 0 | E16: 0 | F16: 0 | G16: 0 | H16: 0 | I16: 0 | J16: 1 | K16: 1 | M16: 5В | N16: ='Расписание'!R2 -> #REF!
A17: 15 | B17: География | C17: 0 | D17: 0 | E17: 0 | F17: 0 | G17: 1 | H17: 1 | I17: 1 | J17: 1 | K17: 1 | M17: 6А | N17: ='Расписание'!S2 -> #REF!
A18: 16 | B18: Физика | C18: 0 | D18: 0 | E18: 0 | F18: 0 | G18: 0 | H18: 0 | I18: 2 | J18: 2 | K18: 1.5 | M18: 6Б | N18: 21
A19: 17 | B19: Информатика | C19: 0 | D19: 0 | E19: 0 | F19: 0 | G19: 0 | H19: 0 | I19: 1 | J19: 1 | K19: 1 | M19: 6В | N19: 21
A20: 18 | B20: Химия | C20: 0 | D20: 0 | E20: 0 | F20: 0 | G20: 0 | H20: 0 | I20: 0 | J20: 1 | K20: 1 | M20: 7А | N20: 26
A21: 19 | B21: Сонастройка | C21: 0 | D21: 0 | E21: 0 | F21: 0 | G21: 0 | H21: 0 | I21: 0 | J21: 0 | K21: 0 | M21: 8А | N21: 28
A22: 20 | B22: Тьюторский час | C22: 1 | D22: 1 | E22: 1 | F22: 1 | G22: 1 | H22: 1 | I22: 1 | J22: 1 | K22: 1 | M22: 9А | N22: 27
C23: =SUM(C3:C22) -> 12 | D23: =SUM(D3:D22) -> 16 | E23: =SUM(E3:E22) -> 16 | F23: =SUM(F3:F22) -> 16 | G23: =SUM(G3:G22) -> 16 | H23: =SUM(H3:H22) -> 16 | I23: =SUM(I3:I22) -> 21 | J23: =SUM(J3:J22) -> 23 | K23: =SUM(K3:K22) -> 22
B24: кол-во классов | C24: 3 | D24: 3 | E24: 3 | F24: 3 | G24: 3 | H24: 3 | I24: 1 | J24: 1 | K24: 1
C25: =C23*C24 -> 36 | D25: =D23*D24 -> 48 | E25: =E23*E24 -> 48 | F25: =F23*F24 -> 48 | G25: =G23*G24 -> 48 | H25: =H23*H24 -> 48 | I25: =I23*I24 -> 21 | J25: =J23*J24 -> 23 | K25: =K23*K24 -> 22 | L25: =SUM(C25:K25) -> 342
L27: Первый модуль | M27: =L25*8 -> 2736
L28: Сентябрь | M28: =L25*4-2*42 -> 1284

Sheet Индивидуалы (свободные слоты)
A1: Педагог | B1: Предмет | C1: Понедельник | D1: Вторник | E1: Среда | F1: Четверг | G1: Пятница
A2: Коломеец Екатерина | B2: история, обществознание, география | C2: 10:30 - 11:00 | D2: c 12/30 | F2: 10:30 - 11:00 | G2: c 12/30
A3: Карнаушенко Оксана | B3: математика (среднее звено) | C3: 13.00-16.00 | D3: 13.00-16.00 | E3: 13.00-16.00 | F3: 13.00-16.00
A4: Ерохина Анастасия | B4: анг.яз | C4: готова брать индивидуалов, но лучше лично уточнять по времени
A5: Петрова Елизавета | B5: рус.яз, литература | D5: 11.45-13.25 | E5: 12.40-14.20 | F5: 9.55-10.40, 11.45-13.25
A6: Пашкова Анна | B6: нач.школа (все предметы) + ПКШ + математика (5-7 класс), русский язык (5-6 класс) | C6: 11.45–12.30 12.40–13.25 | E6: 10.50–11.35 11.45–12.30, 13.35–14.20 | G6: 12.40–13.25 13.35–14.20
A7: Абдуллаева Джамиля | B7: нач. школа (можно все предметы) | C7: 10.50-15.00 | D7: 9.55–10.40, 11.45-15.00 | E7: 10.50-15.00 | F7: 9.00-15.00 | G7: 9.00–9.45, 10.50-15.00
A8: Дутова Анна | B8: английский язык | C8: 12.30 - 15.30 | D8: 9.00-15.30 | E8: 9.55–10.40, 12.40–13.25, 14.30-15.30 | F8: 11.45–12.30, 13.30-15.30 | G8: 10.50–11.35 11.45–12.30, 13.30-15.30
A9: Зиновьева Александра | B9: английский язык | C9: 10.50–14.30 | D9: 9.55–10.40, 11.45 - 14.30 | F9: 09.00-11.35, 13.35–14.20 | G9: 9.00–9.45, 10.50–11.35, 12.40–14.20
A10: Чеченкова Светлана | B10: нач.школа (математика, ОМ) | C10: готова брать индивидуалов, но лучше лично уточнять по времени
A11: Павленко Ольга | B11: биология | C11: готова брать индивидуалов, но лучше лично уточнять по времени
A12: Четверикова Ксения | B12: химия | C12: нужно уточнить время
A13: Гайденко Елена | B13: география | C13: нужно уточнить время, у нее не много слотов, но есть Коломеец

Sheet Матрица кружки
B1: Шельпякова Мария (книготерапия, фин.грамотность) | H1: Шельпякова Мария (книготерапия, фин.грамотность)
B2: понедельник | C2: вторник | D2: среда | E2: четверг | F2: пятница | H2: понедельник | I2: вторник | J2: среда | K2: четверг | L2: пятница
C3: 9.00 | D3: 9.00 | E3: 9.00 | I3: 9.00 | J3: 9.00 | K3: 9.00
B4: 10.00 | C4: 10.00 | D4: 10.00 | E4: 10.00 | F4: 10.00 | H4: 10.00 | I4: 10.00 | J4: 10.00 | K4: 10.00 | L4: 10.00
B5: 15.00 | D5: 15.00 | E5: 15.00 | H5: 15.00 | K5: 15.00
B7: Claude Aghesom (разговорный клуб) | H7: Claude Aghesom (разговорный клуб)
B8: понедельник | C8: вторник | D8: среда | E8: четверг | F8: пятница | H8: понедельник | I8: вторник | J8: среда | K8: четверг | L8: пятница
B9: 8.00-9.45 | C9: 8.00-9.00 | D9: 8.00-14.00 | E9: 8.00-14.00 | F9: 8.00-9.00 | H9: 8.00-9.45 | I9: 8.00-9.00 | J9: 8.00-14.00 | K9: 8.00-14.00 | L9: 8.00-9.00
B10: 14.30-16.00 | C10: 10.00-11.00 | F10: 11.00-14.00 | H10: 14.30-16.00 | I10: 10.00-11.00 | L10: 11.00-14.00
C11: 12.00-14.00 | I11: 12.00-14.00
B13: Сокольская Татьяна | H13: Сокольская Татьяна
B14: Каллиграфия | H14: Каллиграфия
B15: понедельник | C15: вторник | D15: среда | E15: четверг | F15: пятница | H15: понедельник | I15: вторник | J15: среда | K15: четверг | L15: пятница
B16: 15.00 | F16: 15.00 | I16: 15.00 | K16: 15.00
B17: Умение учиться | H17: Умение учиться/чтение
C18: 14.00 (3-4 классы) | E18: 14.00 (3-4 классы) | H18: 16.00 (1-2 кл) | J18: 16.00 (1-2 кл)
B19: 16.00 (1-2 класс) | F19: 16.00 (1-2 класс) | H19: 17.00 (5-7 кл) | J19: 17.00 (5-7 кл)
B20: 17.00 (5-7 классы) | F20: 17.00 (5-7 классы)
H22: Коновалова Евгения
H23: ЭИ/гибкие навыки
H24: понедельник | I24: вторник | J24: среда | K24: четверг | L24: пятница
H25: 9.00 | I25: 9.00 | J25: 9.00 | K25: 9.00 | L25: 9.00
H26: 10.00 | I26: 10.00 | K26: 10.00 | L26: 10.00
I27: 11.00 | K27: 11.00 | L27: 11.00
I28: 12.00 | J28: 12.00 | K28: 12.00 | L28: 12.00
H30: 17.00 | I30: 17.00 | J30: 17.00 | K30: 17.00 | L30: 17.00
H32: Claude Aghesom (разговорный клуб)
H33: понедельник | I33: вторник | J33: среда | K33: четверг | L33: пятница
H35: 14.30
H36: 15.30
H38: Голубева Елизавета
H39: ЭИ/гибкие навыки
H40: понедельник | I40: вторник | J40: среда | K40: четверг | L40: пятница
H42: 16.00 | J42: 16.00

Sheet Матрица индивидуалов
A1: Слоты учеников (тариф 1) | H1: Слоты учеников (тариф 2) | P1: Кашапов Борис | V1: Расписание Ви Дая | AB1: Расписание Ви Дая
B2: понедельник | C2: вторник | D2: среда | E2: четверг | F2: пятница | I2: понедельник | J2: вторник | K2: среда | L2: четверг | M2: пятница | P2: понедельник | Q2: вторник | R2: среда | S2: четверг | T2: пятница | V2: понедельник | W2: вторник | X2: среда | Y2: четверг | Z2: пятница | AB2: понедельник | AC2: вторник | AD2: среда | AE2: четверг | AF2: пятница
A3: 09.00 | B3: Фисюк Даша 7 класс до 11.30 | C3: Фисюк Даша 7 класс до 11.30 | D3: Фисюк Даша 7 класс до 11.30 | E3: Фисюк Даша 7 класс до 11.30 | F3: Фисюк Даша 7 класс до 11.30 | H3: 09.00 | I3: 9.30-10.15 - Математика Харченко Педагог Гусева Алеся | J3: 9.30-11.15 - РЯ Харченко педагог Гусева Алеся | K3: 9.30-10.15 - Математика Харченко Педагог Гусева Алеся | L3: 9.30-11.15 - РЯ Харченко педагог Гусева Алеся | M3: 9.30-10.15 - Математика Харченко Педагог Гусева Алеся | P3: 11.00-11.45 - математика | R3: 11.00-11.45 - математика | T3: 11.00-11.45 - математика | W3: 9.00 - 9.45 Математика (педагог Пашкова Анна) | X3: 09.00-9.45 - обучение грамоте (педагог Абдуллаева Джамиля) | Y3: 9.00 - 9.45 Математика (педагог Пашкова Анна) | AD3: 09.00-9.45 - обучение грамоте | AE3: 9.00 - 9.45 Математика | AF3: 9.00 - 9.45 Окружающий мир
A4: 10.00 | H4: 10.00 | I4: 10.25-11.15 - Окружающий мир Харченко педагог Гусева Алеся | J4: 10.25-11.15 литература Харченко педагог Гусева | K4: 10.25-11.15 ЭИ Харченко тьютор Коновалова | L4: 10.25-11.15 литература Харченко педагог Гусева | P4: 12.00-12.45 - обучение грамоте | R4: 12.00-12.45 - обучение грамоте | T4: 12.00-12.45 - обучение грамоте | V4: 9.55 -10.40 - обучение грамоте (педагог Абдуллаева Джамиля) | Z4: 9.55 - 10.40 Окружающий мир (педагог Пашкова Анна) | AB4: 9.55 -10.40 - обучение грамоте
A5: 11.00 | H5: 11.00 | I5: 11.30-12.15 - Английский Харченко педагог Дутова | K5: 11.30-12.15 - Английский Харченко педагог Дутова | AC5: 11.00-11.45 Математика
A6: 12.00 | I6: 11.00-11.45 - математика Кашапов педагог Абдаллуева | K6: 11.00-11.45 - математика Кашапов педагог Абдаллуева | M6: 11.00-11.45 - математика Кашапов педагог Абдаллуева
H7: 12.00 | I7: 12.00-12.45 - обучение грамоте Кашапов педагог Абдаллуева | K7: 12.00-12.45 - обучение грамоте Кашапов педагог Абдаллуева | M7: 12.00-12.45 - обучение грамоте Кашапов педагог Абдаллуева
A8: 13.00 | H8: 13.00 | V8: изменения в расписании 19.01-30.01
A9: 14.00 | H9: 14.00 | P9: Расписание Харченко Матвей | V9: Расписание Харченко Матвей
A10: 15.00 | B10: Кудисова Настя 9 класс | H10: 15.00 | P10: понедельник | Q10: вторник | R10: среда | S10: четверг | T10: пятница | V10: понедельник | W10: вторник | X10: среда | Y10: четверг | Z10: пятница
A11: 16.00 | H11: 16.00 | J11: Фериченков Виктор (самостоятельный тариф. Нужна программа начальной школы. Будет 8 уроков в месяц + доп задания по не основным предметам) РЯ - педагог Петрова | L11: Фериченков Виктор (самостоятельный тариф. Нужна программа начальной школы. Будет 8 уроков в месяц + доп задания по не основным предметам) РЯ - педагог Петрова | P11: 9.30-10.15 - математика | R11: 09.30-10.15 математика | S11: 09.30-10.15 русский язык | T11: 09.30-10.15 математика | V11: 12.00-12.45 - математика | W11: 12.35-13.20 эмоциональный интеллект | Y11: 12.00-12.45 русский язык | Z11: 12.00-12.45 математика
A12: 17.00 | H12: 17.00 | P12: 10.25-11.10 - окружающий мир | R12: 10.25-11.10 эмоциональный интеллект | S12: 10.25-11.10 литературное чтение | T12: 10.25-11.10 русский язык | V12: 12.55-13.40- окружающий мир | W12: 13.30-14.15 - математика | Y12: 12.55-13.40 литературное чтение | Z12: 12.55-13.40 русский язык
A13: 18.00 | H13: 18.00 | J13: Николаев Кирилл (самостоятельный тариф, грамота, математика, ОМ) + доп.занятия по не основным предметам | M13: Николаев Кирилл (грамота, математика, ОМ) + доп.занятия по не основным предметам | P13: 12.40 - 13.25 - английский язык | R13: 12.40 - 13.25 - английский язык | T13: 11.20-12.10 литературное чтение | Z13: 13.50-14.35 литературное чтение
E15: Слоты педагогов
E16: педагог | F16: предмет | G16: понедельник | H16: вторник | I16: среда | J16: четверг | K16: пятница
E17: Коломеец | F17: история | G17: 10:30 - 11:00 | H17: c 12/30 | J17: 10:30 - 11:00 | K17: c 12/30
E18: Латышева | F18: анг.яз | G18: не берет индивидуалов
E19: Карнаушенко | F19: математика | G19: 13.00-16.00 | H19: 13.00-16.00 | I19: 13.00-16.00 | J19: 13.00-16.00 | O19: понедельник | P19: вторник | Q19: среда | R19: четверг | S19: пятница | V19: Расписание Сергеева Марта
E20: Кулик Лариса | F20: рус.яз (средняя школа) | G20: 9.00-14.00 | H20: 9.00-14.00 | I20: 9.00-14.00 | J20: 9.00-14.00 | K20: 9.00-14.00 | O20: индивидуал 3 с 9.00 до 12.00 1 класс (СДВГ) (все предметы) | P20: индивидуал 3 с 9.00 до 12.00 1 класс (СДВГ) (все предметы) | Q20: индивидуал 3 с 9.00 до 12.00 1 класс (СДВГ) (все предметы) | R20: индивидуал 3 с 9.00 до 12.00 1 класс (СДВГ) (все предметы) | S20: индивидуал 3 с 9.00 до 12.00 1 класс (СДВГ) (все предметы) | V20: понедельник | W20: вторник | X20: среда | Y20: четверг | Z20: пятница
E21: Ерохина | F21: анг.яз | G21: нужно уточнять, большая нагрузка | O21: индивидуал 4 15.00 или 16.00 анг.яз (подтянуть по программе 6 класса), кол-ва раз в неделю можно обговорить | P21: индивидуал 1 16.00 - 1 класс (все предметы) | R21: индивидуал 1 16.00 - 1 класс (все предметы) | X21: 09.00-09.45 Английский язык (педагог Матвеева Валерия)
E22: Михайлова | F22: математика | G22: не берет индивидуалов | P22: индивидуал 2 18.00 - 1 класс (все предметы) | S22: индивидуал 2 18.00 - 1 класс (все предметы) | V22: 9.55 - 10.40 Английский язык (педагог Матвеева Валерия) | Z22: 10.50-11.35 Английский язык (педагог Матвеева Валерия)
E23: Савина | F23: началка (матем., ОМ) | O23: индивидуал 5 16.00 или 17.00 - русский язык и математика (подтянуть по программе 9 класса) | V23: 11.40-12.25 Математика (педагог Чеченкова Светлана) | X23: 11.40-12.25 Математика (педагог Чеченкова Светлана) | Z23: 11.40-12.25 Математика (педагог Чеченкова Светлана)
E24: Мишина | F24: рус.яз, литература | G24: есть индивидуал, по остальным нужно уточнять | V24: 13.00-13.45 Русский язык (педагог Юманова Дарья) | X24: 13.00-13.45 Русский язык (педагог Юманова Дарья) | Z24: 13.00-13.45 Русский язык (педагог Юманова Дарья)
E25: Петрова | F25: рус.яз, литература | H25: 11.45-13.25 | I25: 12.40-14.20 | J25: 9.55-10.40, 11.45-13.25
E26: Норкина | F26: все предметы началки | G26: тяжело адаптируется, пока лучше не предлагать индивидуалов
E27: Тенешева | F27: русский язык, литература | G27: у нее факультативы по ОГЭ/ЕГЭ, поэтому не берет пока индивидуалов
E28: Вайнула | F28: русский язык, литература | G28: нужно уточнять, большая нагрузка
E29: Ларшина | F29: алгебра, геометрия, информатика | G29: нужно уточнять, большая нагрузка
E30: Павликов | F30: история | G30: нужно уточнять, большая нагрузка
E31: Павленко | F31: биология
E32: Липко | F32: физика
E33: Четверикова | F33: химия
E34: Чеченкова | F34: началка (матем., ОМ) | G34: нужно уточнять, большая нагрузка

Sheet резерв

Sheet Классы и часы учителя 
A1: Предмет | B1: Учитель | C1: Классы | D1: Нагрузка в неделю в группе
A2: Начальная школа
A3: Технология /ИЗО | B3: Бондарь Ольга | C3: 1а, 1б, 2а, 2б, 2в, 3а, 3б, 3в, 4а, 4б, 4в | D3: 11
A4: Английский язык | B4: Ерохина Анастасия | C4: 3а, 3а, 2а, 2б, 3б | D4: 15
A5: Английский язык | B5: Малкова Полина | C5: 4а, 4б, 4в, 2в | D5: 12
A6: Русский язык, Литература | B6: Козлова Галина | C6: 2а, 2б, 3а, 3б | D6: 20
A7: Математика, окружающий мир | B7: Чеченкова Светлана | C7: 3в, 4а, 4в | D7: 15
A8: Математика, окружающий мир | B8: Савина Ксения | C8: 1а, 1б, 2б, 3б, 3а | D8: 25
A9: Русский язык, Литература | B9: Абдуллаева Джамиля | C9: 2в | D9: 5
A10: Русский язык, Литература | B10: Петрова Елизавета | C10: 4а, 4б, 4в | D10: 15
A11: Физкультура | B11: Карабанова Маргарита | C11: 1а, 1б, 2а, 2б, 3а, 3б, 3в, 4а, 4б, 4в | D11: 11
A12: Математика,окружающий мир | B12: Пашкова Анна | C12: 2а, 2в, 4б | D12: 15
A13: Русский язык, Литература | B13: Конохов Павел | C13: 1а,1б, 3в | D13: 13
A14: Средняя школа
A15: Русский язык, Литература | B15: Анастасия Вайнула | C15: 6а, 6б, 7а, 7б | D15: 20
A16: Русский язык, Литература | B16: Тенешева Дарья | C16: 8а, 9а | D16: 10
A17: Русский язык, Литература | B17: Мишина Валерия | C17: 5а, 5б, 5в | D17: 15
A18: Алгебра, геометрия, информатика | B18: Ларшина Анастасия | C18: 7а, 8а, 9а | D18: 19
A19: Математика | B19: Михайлова Марина | C19: 5а, 5б, 5в | D19: 9
A20: Математика | B20: Карнаушенко Оксана | C20: 6а, 6б, 7б | D20: 11
A21: Биология | B21: Павленко Ольга | C21: 5а, 5б, 5в, 6а, 6б, 7а, 7б, 8а, 9а | D21: 9
A22: Химия | B22: Четверикова Ксения | C22: 8а, 9а | D22: 2
A23: Физика | B23: Липко Владлена | C23: 7а, 7б, 8а, 8б, 9а | D23: 7
A24: История, обществознание | B24: Павликов Дмитрий | C24: 5а, 5б, 5в, 6а, 6б, 7а, 7б, 8а, 9а | D24: 19
A25: Английский язык | B25: Зиновьева Александра | C25: 6а, 6б, 7а, 7б | D25: 12
A26: Английский язык | B26: Латышева Ирина | C26: 8а, 9а | D26: 6
A27: География | B27: Гайденко Елена | C27: 5а, 5б, 5в, 6а, 6б, 7а, 7б, 8а, 9а | D27: 9
A28: Начальная + средняя школа
A33: Индивидуальные

Sheet ПКШ
A1: Подготовка к школе
A2: Время | B2: Понедельник | C2: Вторник | D2: Среда | E2: Четверг | F2: Пятница
A3: 13.35-13.50 | C3: Сонастройка | E3: Сонастройка
A4: 13.50-14.15 | C4: Обучение грамоте и развитие речи | E4: Обучение грамоте и развитие речи
A5: 14.25-14.50 | C5: Математика | E5: Математика
A6: 15.00-15.25 | C6: Окружающий мир | E6: Тьюторский час
A7: Тьютор - Коновалова Евгения
A8: Педагог Пашкова Анна

Sheet 1А
A1: Тьютор | B1: Рассолова Екатерина
A2: Время | B2: Понедельник | C2: Вторник | D2: Среда | E2: Четверг | F2: Пятница | H2: 45989 | J2: 45989 | L2: 46007 | Q2: 45924
A3: 8.45-9.00 | B3: Сонастройка Рассолова | C3: Сонастройка Рассолова | D3: Сонастройка Рассолова | E3: Сонастройка Рассолова | F3: Сонастройка Рассолова | H3: Сонастройка | J3: Сонастройка | L3: Сонастройка | Q3: Сонастройка
A4: 9.00-9.45 | B4: Русский язык Пашкова | C4: Математика Савина | D4: Русский язык Пашкова | E4: Физкультура Карабанова | F4: Технология Бондарь | H4: ИЗО | J4: Тьюторский час | L4: Математика | Q4: Окружающий мир
A5: 9.55-10.40 | B5: Окружающий мир Савина | C5: Литературное чтение Пашкова | D5: Математика Савина | E5: Окружающий мир Савина | F5: Математика Савина | H5: Тьюторский час | J5: ИЗО | L5: Обучение грамоте | Q5: Математика
A6: 10.50-11.35 | C6: тьюторский час Рассолова | E6: Литературное чтение Пашкова
A7: 11.35-15.00 | B7: ОБЕД
A8: 15.00-16.00 | B8: Продленка групповая Рассолова Екетерина
A9: 16.00-17.00 | B9: Творческая мастерская (Рассолова Екатерина) | C9: Творческая мастерская (Рассолова Екатерина) | D9: Творческая мастерская (Рассолова Екатерина)
A12: 1А | B12: Тьютор Коновалова Евгения
A13: Время | B13: Понедельник | C13: Вторник | D13: Среда | E13: Четверг | F13: Пятница
A14: 8.45-9.00 | B14: Сонастройка Коновалова | C14: Сонастройка Пашкова | D14: Сонастройка Коновалова | E14: Сонастройка Пашкова | F14: Сонастройка Коновалова
A15: 9.00-9.45 | B15: Русский язык Пашкова | C15: Математика Савина | D15: Русский язык Пашкова | E15: тьюторский час Коновалова | F15: Технология Бондарь
A16: 9.55-10.40 | B16: Окружающий мир Савина | C16: Литературное чтение Пашкова | D16: Математика Савина | E16: Окружающий мир Савина | F16: Математика Савина
A17: 10.50-11.35 | B17: Музыка Карпова | E17: Литературное чтение Пашкова
A18: 11.35-15.00 | B18: ОБЕД
A19: 15.00-16.00 | B19: Продленка групповая Юманова Дарья
A20: 16.00-17.00 | B20: Творческая мастерская (Коновалова Евгения) | C20: Творческая мастерская (Коновалова Евгения) | D20: Творческая мастерская (Коновалова Евгения)

Sheet 1Б
A1: Тьютор | B1: Рассолова Екатерина
A2: Время | B2: Понедельник | C2: Вторник | D2: Среда | E2: Четверг | F2: Пятница | H2: Вторник | K2: 45924 | M2: 45980 | O2: 46064
A3: 11.30-11.45 | B3: Сонастройка Коновалова | C3: Сонастройка Савина | D3: Сонастройка Коновалова | E3: Сонастройка Савина | F3: Сонастройка Коновалова | H3: Сонастройка Рассолова | K3: Сонастройка | M3: Сонастройка | O3: Сонастройка
A4: 11.45-12.30 | B4: Окружающий мир Савина | C4: Математика Савина | D4: Математика Савина | E4: Русский язык Пашкова | F4: Математика Савина | H4: Математика Савина | K4: Математика | M4: Математика | O4: Математика
A5: 12.40-13.25 | B5: Технология Бондарь | C5: Русский язык Пашкова | D5: Литературное чтение Пашкова | E5: Окружающий мир Савина | F5: Литературное чтение Пашкова | H5: Обучение грамоте Колтакова | K5: Эмоциональный интеллект | M5: Обучение грамоте | O5: Обучение грамоте
A6: 13.35 -14.20 | B6: Музыка Карпова | D6: Тьюторский час Рассолова | M6: ИЗО | O6: Технология
A7: 14.20-15.00 | B7: ОБЕД
A8: 15.00-16.00 | B8: Продленка групповая Рассолова Екетерина
A9: 16.00-17.00 | B9: Творческая мастерская (Рассолова Екатерина) | C9: Творческая мастерская (Рассолова Екатерина) | D9: Творческая мастерская (Рассолова Екатерина)

Sheet 2А
A1: Тьютор | B1: Силосьева Алла
A2: Время | B2: Понедельник | C2: Вторник | D2: Среда | E2: Четверг | F2: Пятница
A3: 8.45-9.00 | B3: Сонастройка Силосьева Алла | C3: Сонастройка Козлова | D3: Сонастройка Козлова | E3: Сонастройка Силосьева Алла | F3: Сонастройка Козлова | J3: 45929 | L3: 45930 | N3: 45931 | P3: 45938 | S3: 45940 | U3: 46015
A4: 9.00-9.45 | B4: Математика Пашкова | C4: ИЗО Бондарь | D4: Русский язык Козлова | E4: Литература Козлова | F4: Литература Козлова | J4: Сонастройка | L4: Сонастройка | N4: Сонастройка | P4: Сонастройка | S4: Сонастройка | U4: Сонастройка
A5: 9.55-10.40 | B5: Русский язык Козлова | C5: Русский язык Козлова | D5: Окружающий мир Пашкова | E5: Математика Пашкова | F5: Английский язык Ерохина | J5: Математика | L5: ИЗО | N5: Русский язык | P5: Русский язык | S5: Литература | U5: Русский язык
A6: 10.50-11.35 | B6: Окружающий мир Пашкова | C6: Математика Пашкова | D6: Английский язык Ерохина | E6: Физкультура Карабанова | F6: Тьюторский час Силосьева | J6: Русский язык | L6: Русский язык | N6: Окружающий мир | P6: Окружающий мир | S6: Эмоциональный интеллект | U6: Окружающий мир
A7: 11.45-12.30 | B7: Английский язык Ерохина | J7: Английский язык | L7: Английский язык | N7: Математика | P7: Математика
A8: 12.30-15.00 | B8: ОБЕД
A9: 15.00-16.00 | B9: Продленка Коновалова Евгения
A10: 16.00-17.00 | B10: Творческая мастерская (Силосьева Алла) | C10: Творческая мастерская (Цуркан Юлия) | D10: Творческая мастерская (Аношко Лиана)
A12: ИЗМЕНЕНИЯ с 8.12
A13: Тьютор | B13: Силосьева Алла
A14: Время | B14: Понедельник | C14: Вторник | D14: Среда | E14: Четверг | F14: Пятница
A15: 8.45-9.00 | B15: Сонастройка Козлова | C15: Сонастройка Козлова | D15: Сонастройка Козлова | E15: Сонастройка Силосьева Алла | F15: Сонастройка Козлова
A16: 9.00-9.45 | B16: Русский язык Козлова | C16: Технология Бондарь | D16: Русский язык Козлова | E16: Литература Козлова | F16: Литература Козлова
A17: 9.55-10.40 | B17: Окружающий мир Пашкова | C17: Русский язык Козлова | D17: Окружающий мир Пашкова | E17: Математика Пашкова | F17: Английский язык Ерохина
A18: 10.50-11.35 | B18: Английский язык Ерохина | C18: Математика Пашкова | D18: Английский язык Ерохина | E18: Тьюторский час Силосьева | F18: Математика Пашкова
A19: 11.45-12.30 | B19: Музыка Карпова
A20: 12.30-15.00 | B20: ОБЕД
A21: 15.00-16.00 | B21: Продленка Коновалова Евгения
A22: 16.00-17.00 | B22: Творческая мастерская (Силосьева Алла) | C22: Творческая мастерская (Цуркан Юлия) | D22: Творческая мастерская (Аношко Лиана)
A24: 2А | B24: Тьютор Силосьева Алла
A25: Время | B25: Понедельник | C25: Вторник | D25: Среда | E25: Четверг | F25: Пятница
A26: 8.45-9.00 | B26: Сонастройка Козлова | C26: Сонастройка Козлова | D26: Сонастройка Козлова | E26: Сонастройка Силосьева Алла | F26: Сонастройка Козлова
A27: 9.00-9.45 | B27: Русский язык Козлова | C27: Технология Бондарь | D27: Русский язык Козлова | E27: Литература Козлова | F27: Литература Козлова
A28: 9.55-10.40 | B28: Музыка Карпова | C28: Русский язык Козлова | D28: Окружающий мир Пашкова | E28: Окружающий мир Пашкова | F28: Английский язык Ерохина
A29: 10.50-11.35 | B29: Английский язык Ерохина | C29: Математика Пашкова | D29: Английский язык Ерохина | E29: Тьюторский час Силосьева | F29: Математика Пашкова
A30: 11.45-12.30 | B30: Математика Пашкова
A31: 12.30-15.00 | B31: ОБЕД
A32: 15.00-16.00 | B32: Продленка Коновалова Евгения
A33: 16.00-17.00 | B33: Творческая мастерская (Силосьева Алла) | C33: Творческая мастерская (Цуркан Юлия) | D33: Творческая мастерская (Аношко Лиана)

Sheet 2Б
A1: Тьютор | B1: Рассолова Екатерина
A2: Время | B2: Понедельник | C2: Вторник | D2: Среда | E2: Четверг | F2: Пятница | I2: 45940
A3: 11.30-11.45 | B3: Сонастройка | C3: Сонастройка Ерохина | D3: Сонастройка Козлова Галина | E3: Сонастройка Козлова | F3: Сонастройка Козлова Галина | I3: Сонастройка
A4: 11.45-12.30 | B4: Русский язык Козлова | C4: Английский язык Ерохина | D4: Русский язык Козлова | E4: Литература Козлова | F4: Технология Бондарь | I4: ИЗО
A5: 12.40-13.25 | B5: Окружающий мир Савина | C5: Математика Савина | D5: Математика Савина | E5: Английский язык Ерохина | F5: Математика Савина | I5: Русский язык
A6: 13.35-14.20 | B6: тьюторский час Коновалова | C6: Литература Козлова | D6: Английский язык Ерохина | E6: Окружающий мир Савина | F6: Русский язык Козлова | I6: Математика
A7: 14.30-15.15 | B7: Музыка Карпова
A8: 14.20- 15.00 | B8: ОБЕД
A9: 15.00-16.00 | B9: Продленка Коновалова | D9: Продленка Коновалова | E9: Продленка Коновалова
A10: 16.00-17.00 | B10: Творческая мастерская (Силосьева Алла) | C10: Творческая мастерская (Цуркан Юлия) | D10: Творческая мастерская (Аношко Лиана)

Sheet 2В
A1: Тьютор | B1: Тьютор Рассолова Екатерина
A2: Время | B2: Понедельник | C2: Вторник | D2: Среда | E2: Четверг | F2: Пятница | O2: 46008 | Q2: 46014
A3: 8.45-9.00 | B3: Сонастройка Абдуллаева | C3: Сонастройка Пашкова | D3: Сонастройка Абдуллаева | E3: Сонастройка Абдуллаева | F3: Сонастройка Пашкова | O3: Сонастройка | Q3: Сонастройка
A4: 9.00-9.45 | B4: Русский язык Абдуллаева | C4: Окружающий мир Пашкова | D4: Русский язык Абдуллаева | E4: Технология Бондарь | F4: Математика Пашкова | O4: Литературное чтение | Q4: Окружающий мир
A5: 9.55-10.40 | B5: Английский язык Малкова | C5: Литературное чтение Абдуллаева | D5: Английский язык Малкова | E5: Английский язык Малкова | F5: Окружающий мир Пашкова | O5: Английский язык | Q5: Русский язык
A6: 10.50-11.35 | B6: Математика Пашкова | C6: Физкультура Карабанова | D6: Математика Пашкова | E6: Литературное чтение Абдуллаева | F6: Русский язык Абдуллаева | O6: Математика | Q6: Русский язык
A7: 11.45-12.30 | F7: Тьюторский час Рассолова
A8: 12.30-15.00 | B8: ОБЕД
A9: 15.00-16.00 | B9: Продленка Коновалова Евгения
A10: 16.00 -17.00 | B10: Творческая мастерская (Силосьева Алла) | C10: Творческая мастерская (Цуркан Юлия) | D10: Творческая мастерская (Аношко Лиана)
A13: Тьютор | B13: Тьютор Рассолова Екатерина
A14: Время | B14: Понедельник | C14: Вторник | D14: Среда | E14: Четверг | F14: Пятница
A15: 8.45-9.00 | B15: Сонастройка Абдуллаева | C15: Сонастройка Коновалова | D15: Сонастройка Абдуллаева | E15: Сонастройка Абдуллаева | F15: Сонастройка Коновалова
A16: 9.00-9.45 | B16: Русский язык Абдуллаева | C16: Окружающий мир Пашкова | D16: Русский язык Абдуллаева | E16: Технология Бондарь | F16: Математика Пашкова
A17: 9.55-10.40 | B17: Английский язык Малкова | C17: Литературное чтение Абдуллаева | D17: Английский язык Малкова | E17: Английский язык Малкова | F17: Окружающий мир Пашкова
A18: 10.50-11.35 | B18: Математика Пашкова | C18: Тьюторский час Рассолова | D18: Математика Пашкова | E18: Литературное чтение Абдуллаева | F18: Русский язык Абдуллаева
A19: 11.45-12.30 | B19: Музыка Карпова
A20: 12.30-15.00 | B20: ОБЕД
A21: 15.00-16.00 | B21: Продленка Коновалова Евгения
A22: 16.00 -17.00 | B22: Творческая мастерская (Силосьева Алла) | C22: Творческая мастерская (Цуркан Юлия) | D22: Творческая мастерская (Аношко Лиана)

Sheet 3А
A1: Тьютор | B1: Силосьева Алла
A2: Время | B2: Понедельник | C2: Вторник | D2: Среда | E2: Четверг | F2: Пятница | P2: 45929 | R2: 45930 | T2: 45938 | V2: 45939 | X2: 45989
A3: 8.45-9.00 | B3: Сонастройка Силосьева | C3: Сонастройка Силосьева Алла | D3: Сонастройка Силосьева | E3: Сонастройка Козлова | F3: Сонастройка Силосьева Алла | P3: Сонастройка | R3: Сонастройка | T3: Сонастройка | V3: Сонастройка | X3: Сонастройка
A4: 9.00-9.45 | B4: Математика Савина | C4: Литература Козлова | D4: Окружающий мир Савина | E4: Математика Савина | F4: Окружающий мир Савина | P4: Русский язык | R4: Литературное чтение | T4: Математика Савина | V4: Математика | X4: Английский язык
A5: 9.55-10.40 | B5: Английский язык Ерохина | C5: Математика Савина | D5: Литература Козлова | E5: Русский язык Козлова | F5: Русский язык Козлова | P5: Английский язык | R5: Математика | T5: Русский язык Козлова | V5: Русский язык | X5: Русский язык
A6: 10.50-11.35 | B6: Русский язык Козлова | C6: Английский язык Ерохина | D6: Тьюторский час Силосьева | E6: Физкультура Карабанова | F6: ИЗО Бондарь | P6: Математика | R6: Физкультура | X6: ИЗО
A7: 11.45-12.30 | F7: Английский язык Ерохина
A8: 12.30-15.00 | B8: ОБЕД
A9: 15.00-16.00 | B9: Продленка Аношко Лиана
A10: 16.00-17.00 | B10: Творческая мастерская Цуркан Юлия | C10: Творческая мастерская Силосьева Алла | D10: Творческая мастерская Цуркан Юлия
A13: Тьютор | B13: Силосьева Алла | I13: 46059
A14: Время | B14: Понедельник | C14: Вторник | D14: Среда | E14: Четверг | F14: Пятница | I14: Сонастройка
A15: 8.45-9.00 | B15: Сонастройка Силосьева | C15: Сонастройка Силосьева Алла | D15: Сонастройка Силосьева | E15: Сонастройка Козлова | F15: Сонастройка Силосьева Алла | I15: Окружающий мир
A16: 9.00-9.45 | B16: Математика Савина | C16: Литература Козлова | D16: Окружающий мир Савина | E16: Математика Савина | F16: Окружающий мир Савина | I16: Русский язык
A17: 9.55-10.40 | B17: Английский язык Ерохина | C17: Математика Савина | D17: Литература Козлова | E17: Русский язык Козлова | F17: Русский язык Козлова | I17: ИЗО
A18: 10.50-11.35 | B18: Русский язык Козлова | C18: Музыка Тронина | D18: Тьюторский час Силосьева | E18: Английский язык Ерохина | F18: ИЗО Бондарь
A19: 11.45-12.30 | F19: Английский язык Ерохина
A20: 12.30-15.00 | B20: ОБЕД
A21: 15.00-16.00 | B21: Продленка Аношко Лиана
A22: 16.00-17.00 | B22: Творческая мастерская Цуркан Юлия | C22: Творческая мастерская Силосьева Алла | D22: Творческая мастерская Цуркан Юлия

Sheet 3Б
A1: Тьютор | B1: Лиана Аношко
A2: Время | B2: Понедельник | C2: Вторник | D2: Среда | E2: Четверг | F2: Пятница | I2: 45940 | K2: 46014 | M2: 46015
A3: 11.30-11.45 | B3: Сонастройка Лиана Аношко | C3: Сонастройка Лиана Аношко | D3: Сонастройка Лиана Аношко | E3: Сонастройка Лиана Аношко | F3: Сонастройка Лиана Аношко | I3: Сонастройка | K3: Сонастройка | M3: Сонастройка
A4: 11.45-12.30 | B4: тьюторский час Аношко | C4: Литература Козлова | D4: Английский язык Ерохина | E4: Физкультура Карабанова | F4: Русский язык Козлова | I4: Русский язык | K4: Литература | M4: Английский язык
A5: 12.40-13.25 | B5: Русский язык Козлова | C5: Технология Бондарь | D5: Литература Козлова | E5: Русский язык Козлова | F5: Английский язык Ерохина | I5: Математика | K5: ИЗО | M5: Литература
A6: 13.35-14.20 | B6: Математика Савина | C6: Математика Савина | D6: Окружающий мир Савина | E6: Английский язык Ерохина | F6: Математика Савина | K6: Окружающий мир | M6: Математика
A7: 14.30-15.15 | B7: Окружающий мир Савина
A8: 14.20/15.15- 15.00/16.00 | B8: ОБЕД
A9: 15.00-16.00 | C9: продленка Аношко | D9: продленка Аношко | E9: продленка Аношко | F9: продленка Аношко
A10: 16.00-17.00 | B10: Творческая мастерская (Силосьева Алла) | C10: Творческая мастерская (Цуркан Юлия) | D10: Творческая мастерская (Аношко Лиана)
A13: Тьютор | B13: Лиана Аношко
A14: Время | B14: Понедельник | C14: Вторник | D14: Среда | E14: Четверг | F14: Пятница
A15: 11.30-11.45 | B15: Сонастройка Лиана Аношко | C15: Сонастройка Лиана Аношко | D15: Сонастройка Лиана Аношко | E15: Сонастройка Лиана Аношко | F15: Сонастройка Лиана Аношко
A16: 11.45-12.30 | B16: Музыка Карпова | C16: Литература Козлова | D16: Английский язык Ерохина | E16: тьюторский час Аношко | F16: Русский язык Козлова
A17: 12.40-13.25 | B17: Русский язык Козлова | C17: Технология Бондарь | D17: Литература Козлова | E17: Русский язык Козлова | F17: Английский язык Ерохина
A18: 13.35-14.20 | B18: Математика Савина | C18: Математика Савина | D18: Окружающий мир Савина | E18: Английский язык Ерохина | F18: Математика Савина
A19: 14.30-15.15 | B19: Окружающий мир Савина
A20: 14.20/15.15- 15.00/16.00 | B20: ОБЕД
A21: 15.00-16.00 | C21: продленка Аношко | D21: продленка Аношко | E21: продленка Аношко | F21: продленка Аношко
A22: 16.00-17.00 | B22: Творческая мастерская (Силосьева Алла) | C22: Творческая мастерская (Цуркан Юлия) | D22: Творческая мастерская (Аношко Лиана)
A25: Тьютор | B25: Лиана Аношко
A26: Время | B26: Понедельник | C26: Вторник | D26: Среда | E26: Четверг | F26: Пятница
A27: 11.30-11.45 | B27: Сонастройка Лиана Аношко | C27: Сонастройка Лиана Аношко | D27: Сонастройка Лиана Аношко | E27: Сонастройка Лиана Аношко | F27: Сонастройка Лиана Аношко
A28: 11.45-12.30 | B28: тьюторский час Аношко | C28: Литература Козлова | D28: Английский язык Ерохина | E28: Окружающий мир Савина | F28: Русский язык Козлова
A29: 12.40-13.25 | B29: Русский язык Козлова | C29: Технология Бондарь | D29: Литература Козлова | E29: Русский язык Козлова | F29: Английский язык Ерохина
A30: 13.35-14.20 | B30: Математика Савина | C30: Музыка Тронина | D30: Окружающий мир Савина | E30: Английский язык Ерохина | F30: Математика Савина
A31: 14.30-15.15 | B31: Окружающий мир Савина
A32: 14.20/15.15- 15.00/16.00 | B32: ОБЕД
A33: 15.00-16.00 | C33: продленка Аношко | D33: продленка Аношко | E33: продленка Аношко | F33: продленка Аношко
A34: 16.00-17.00 | B34: Творческая мастерская (Силосьева Алла) | C34: Творческая мастерская (Цуркан Юлия) | D34: Творческая мастерская (Аношко Лиана)

Sheet 3В
A1: Тьютор | B1: Лиана Аношко
A2: Время | B2: Понедельник | C2: Вторник | D2: Среда | E2: Четверг | F2: Пятница | I2: 45924 | K2: 45926 | M2: Сонастройка Лиана Аношко | O2: 45929 | Q2: 45939 | S2: 46015 | U2: 46017 | W2: 46015
A3: 8.45-9.00 | B3: Сонастройка Лиана Аношко | C3: Сонастройка Лиана Аношко | D3: Сонастройка Лиана Аношко | E3: Сонастройка Лиана Аношко | F3: Сонастройка Лиана Аношко | I3: Сонастройка | K3: Сонастройка | M3: Математика Чеченкова | O3: Сонастройка | Q3: Сонастройка | S3: Сонастройка | U3: Сонастройка | W3: Сонастройка
A4: 9.00-9.45 | B4: Математика Чеченкова | C4: Музыка Тронина | D4: Математика Чеченкова | E4: Литература Абдуллаева | F4: Русский язык Абдуллаева | I4: Математика | K4: Русский язык | M4: Русский язык Конохов | O4: Математика | Q4: Литература | S4: Окружающий мир | U4: Русский язык | W4: Окружающий мир
A5: 9.55-10.40 | B5: Тьюторский час Аношко | C5: Окружающий мир Чеченкова | D5: Английский язык Ерохина | E5: Английский язык Ерохина | F5: Окружающий мир Чеченкова | I5: Английский язык | K5: Окружающий мир | M5: Английский язык Ерохина | O5: Тьюторский час | Q5: Математика | S5: Английский язык | U5: Математика | W5: Русский язык
A6: 10.50-11.35 | B6: Русский язык Абдуллаева | C6: Литература Абдуллаева | D6: Русский язык Абдуллаева | E6: Математика Чеченкова | F6: Английский язык Ерохина | I6: Эмоциональный интеллект | K6: Русский язык | O6: Русский язык | S6: Русский язык | U6: Английский язык
A7: 11.45-12.30 | C7: Технология Бондарь
A8: 12.30-15.00 | B8: ОБЕД
A9: 15.00-16.00 | B9: Продленка Аношко Лиана
A10: 16.00-17.00 | B10: Творческая мастерская (Силосьева Алла) | C10: Творческая мастерская (Цуркан Юлия) | D10: Творческая мастерская (Аношко Лиана)

Sheet 4А
A1: Тьютор | B1: Цуркан Юлия
A2: Время | B2: Понедельник | C2: Вторник | D2: Среда | E2: Четверг | F2: Пятница | H2: 45989
A3: 8.45-9.00 | B3: Сонастройка Цуркан Юлия | C3: Сонастройка Чеченкова | D3: Сонастройка Цуркан Юлия | E3: Сонастройка Чеченкова | F3: Сонастройка Цуркан Юлия | H3: Сонастройка
A4: 9.00-9.45 | B4: тьюторский час Цуркан | C4: Математика Чеченкова | D4: Английский язык Малкова | E4: Английский язык Малкова | F4: Английский язык Малкова | H4: ИЗО
A5: 9.55-10.40 | B5: Окружающий мир Чеченкова | C5: Музыка Тронина | D5: Русский язык Петрова | E5: Математика Чеченкова | F5: Технология Бондарь | H5: Английский язык
A6: 10.50-11.35 | B6: Математика Чеченкова | C6: Русский язык Петрова | D6: Окружающий мир Чеченкова | F6: Русский язык Петрова | H6: Русский язык
A7: 11.45-12.30 | B7: Литература Петрова | F7: Литература Петрова | H7: Литература
A8: 12.30-15.00 | B8: ОБЕД
A9: 15.00-16.00 | B9: Продленка Цуркан Юлия
A10: 16.00-17.00 | B10: Творческая мастерская (Силосьева Алла) | C10: Творческая мастерская (Цуркан Юлия) | D10: Творческая мастерская (Аношко Лиана)

Sheet 4Б
A1: Тьютор | B1: Цуркан Юлия
A2: Время | B2: Понедельник | C2: Вторник | D2: Среда | E2: Четверг | F2: Пятница | P2: 45929 | R2: 45996 | T2: 46007 | V2: 46017 | X2: 46008
A3: 11.30-11.45 | B3: Сонастройка Цуркан Юлия | C3: Сонастройка Цуркан Юлия | D3: Сонастройка Цуркан Юлия | E3: Сонастройка Цуркан Юлия | F3: Сонастройка Цуркан Юлия | P3: Сонастройка | R3: Сонастройка | T3: Сонастройка | V3: Сонастройка | X3: Сонастройка
A4: 11.45-12.30 | B4: Технология Бондарь | C4: Математика Пашкова | D4: Окружающий мир Пашкова | E4: Математика Пашкова | F4: Окружающий мир Пашкова | P4: ИЗО | R4: Окружающий мир | T4: Окружающий мир | V4: Математика | X4: Окружающий мир
A5: 12.40-13.25 | B5: Русский язык Петрова | C5: Физкультура Карабанова | D5: Английский язык Малкова | E5: Английский язык Малкова | F5: Английский язык Малкова | P5: Русский язык | R5: Английский язык | T5: Физкультура | V5: Английский язык | X5: Английский язык
A6: 13.35-14.20 | B6: Математика Пашкова | C6: Литература Петрова | D6: Русский язык Петрова | E6: Русский язык Петрова | F6: Литература Петрова | P6: Тьюторский час | R6: Литература | T6: Литература | V6: Литература | X6: Русский язык
A7: 14.30-15.15 | F7: Тьютоский час Цуркан | P7: Математика | R7: Окружающий мир | V7: Тьютоский час
A8: 14.20-15.00 | B8: ОБЕД
A9: 15.00-16.00 | B9: Продленка Цуркан Юлия
A10: 16.00-17.00 | B10: Творческая мастерская (Силосьева Алла) | C10: Творческая мастерская (Цуркан Юлия) | D10: Творческая мастерская (Аношко Лиана)
A13: Тьютор | B13: Цуркан Юлия
A14: Время | B14: Понедельник | C14: Вторник | D14: Среда | E14: Четверг | F14: Пятница
A15: 11.30-11.45 | B15: Сонастройка Цуркан Юлия | C15: Сонастройка Цуркан Юлия | D15: Сонастройка Цуркан Юлия | E15: Сонастройка Цуркан Юлия | F15: Сонастройка Цуркан Юлия
A16: 11.45-12.30 | B16: Технология Бондарь | C16: Математика Пашкова | D16: Окружающий мир Пашкова | E16: Английский язык Малкова | F16: Окружающий мир Пашкова
A17: 12.40-13.25 | B17: Русский язык Петрова | C17: Музыка Тронина | D17: Английский язык Малкова | E17: Математика Пашкова | F17: Английский язык Малкова
A18: 13.35-14.20 | B18: Математика Пашкова | C18: Литература Петрова | D18: Русский язык Петрова | E18: Русский язык Петрова | F18: Литература Петрова
A19: 14.30-15.15 | F19: Тьютоский час Цуркан
A20: 14.20-15.00 | B20: ОБЕД
A21: 15.00-16.00 | B21: Продленка Цуркан Юлия
A22: 16.00-17.00 | B22: Творческая мастерская (Силосьева Алла) | C22: Творческая мастерская (Цуркан Юлия) | D22: Творческая мастерская (Аношко Лиана)

Sheet 4В
A1: Тьютор | B1: Цуркан Юлия
A2: Время | B2: Понедельник | C2: Вторник | D2: Среда | E2: Четверг | F2: Пятница | I2: 45939 | K2: 45946 | M2: 45951 | O2: 45989
A3: 8.45-9.00 | B3: Сонастройка Малкова | C3: Сонастройка Цуркан Юлия | D3: Сонастройка Чеченкова | E3: Сонастройка Цуркан Юлия | F3: Сонастройка Чеченкова | I3: Сонастройка | K3: Сонастройка | M3: Сонастройка | O3: Сонастройка
A4: 9.00-9.45 | B4: Английский язык Малкова | C4: тьюторский час Цуркан | D4: Технология Бондарь | E4: Математика Чеченкова | F4: Окружающий мир Чеченкова | I4: Английский язык | K4: Английский язык | M4: Русский язык | O4: Английский язык
A5: 9.55-10.40 | B5: Русский язык Петрова | C5: Русский язык Петрова | D5: Окружающий мир Чеченкова | E5: Русский язык Петрова | F5: Английский язык Малкова | I5: Русский язык | K5: Математика | M5: Русский язык | O5: Окружающий мир
A6: 10.50-11.35 | B6: Литература Петрова | C6: Математика Чеченкова | D6: Литература Петрова | E6: Английский язык Малкова | I6: Математика | K6: Эмоциональный интеллект | M6: Математика
A7: 11.45-12.30 | B7: Математика Чеченкова | C7: Физкультура Карабанова | M7: Физкультура
A8: 12.30-15.00 | B8: ОБЕД
A9: 15.00-16.00 | B9: Продленка Цуркан Юлия
A10: 16.00-17.00 | B10: Творческая мастерская (Силосьева Алла) | C10: Творческая мастерская (Цуркан Юлия) | D10: Творческая мастерская (Аношко Лиана)
A13: Тьютор | B13: Цуркан Юлия
A14: Время | B14: Понедельник | C14: Вторник | D14: Среда | E14: Четверг | F14: Пятница | I14: 46006 | K14: 46015 | M14: 46065
A15: 8.45-9.00 | B15: Сонастройка Малкова | C15: Сонастройка Цуркан Юлия | D15: Сонастройка Чеченкова | E15: Сонастройка Цуркан Юлия | F15: Сонастройка Чеченкова | I15: Сонастройка | K15: Сонастройка | M15: Сонастройка
A16: 9.00-9.45 | B16: Английский язык Малкова | C16: тьюторский час Цуркан | D16: Технология Бондарь | E16: Математика Чеченкова | F16: Окружающий мир Чеченкова | I16: Английский язык | K16: ИЗО | M16: Математика
A17: 9.55-10.40 | B17: Русский язык Петрова | C17: Русский язык Петрова | D17: Окружающий мир Чеченкова | E17: Русский язык Петрова | F17: Английский язык Малкова | I17: Литературное чтение | K17: Окружающий мир | M17: Русский язык
A18: 10.50-11.35 | B18: Литература Петрова | C18: Математика Чеченкова | D18: Литература Петрова | E18: Английский язык Малкова | F18: Математика Чеченкова | I18: Литературное чтение | K18: Русский язык | M18: Английский язык
A19: 11.45-12.30 | C19: Музыка Тронина | I19: Математика | M19: Русский язык
A20: 12.30-15.00 | B20: ОБЕД
A21: 15.00-16.00 | B21: Продленка Цуркан Юлия
A22: 16.00-17.00 | B22: Творческая мастерская (Силосьева Алла) | C22: Творческая мастерская (Цуркан Юлия) | D22: Творческая мастерская (Аношко Лиана)

Sheet 5А
A1: Тьютор | B1: Силосьева Алла
A2: Время | B2: Понедельник | C2: Вторник | D2: Среда | E2: Четверг | F2: Пятница | J2: 45902
A3: 8.45-9.00 | B3: Сонастройка Мишина | C3: Сонастройка Мишина | D3: Сонастройка Мишина | E3: Сонастройка Мишина | F3: Сонастройка Мишина | J3: Вторник | M3: 45925 | O3: 45943 | Q3: 45953 | S3: 45981 | U3: 45989 | W3: 45994 | Y3: 46014
A4: 9.00-9.45 | B4: Русский язык Мишина | C4: Математика Михайлова | D4: Русский язык Мишина | E4: Математика Михайлова | F4: Русский язык Мишина | J4: Сонастройка Мишина | M4: Сонастройка | O4: Сонастройка | Q4: Сонастройка | S4: Сонастройка | U4: Сонастройка | W4: Сонастройка | Y4: Сонастройка
A5: 9.55-10.40 | B5: Математика Михайлова | C5: Литература Мишина | D5: Тьюторский час Силосьева | E5: Биология Павленко | F5: История Павликов | J5: Математика Михайлова | M5: Математика | O5: Русский язык | Q5: Математика | S5: Математика | U5: Русский язык | W5: Английский язык | Y5: Математика
A6: 10.50-11.35 | B6: Английский язык Матвеева | C6: География Гайденко | D6: Английский язык Матвеева | E6: Литература Мишина | F6: История Павликов | J6: Литература Мишина | M6: Биология | O6: География | Q6: Английский язык | S6: Литература | U6: Английский язык | W6: Тьюторский час | Y6: География
A7: 11.45-12.30 | F7: Английский язык Матвеева | J7: Математика Михайлова | M7: Математика | Q7: Литература | S7: Английский язык | U7: Биология | W7: Русский язык | Y7: Английский язык
A8: 12.30-15.00 | B8: ОБЕД | J8: Английский язык Дронова | M8: Литература | Y8: Литература
A9: 16.00-17.00 | B9: Продленка Лукина Юлия
A10: 17.00-18.00 | B10: Творческая мастерская Лукина Юлия | C10: Творческая мастерская Лукина Юлия | D10: Творческая мастерская Лукина Юлия
J13: 46042 | L13: 46057 | N13: 46058 | Q13: 46062 | S13: 46065
J14: Сонастройка | L14: Сонастройка | N14: Сонастройка | Q14: Сонастройка | S14: Сонастройка
J15: Математика | L15: Английский язык | N15: Математика | Q15: Русский язык | S15: Биология
J16: Литература | L16: Тьюторский час | N16: Биология | Q16: Математика | S16: Математика
J17: Английский язык | L17: Русский язык | N17: Русский язык | Q17: Английский язык | S17: Литература
J18: География | N18: Литература
A23: Расписание 26.01-30.01 | I23: Расписание 26.01-30.01
A24: Тьютор | B24: Силосьева Алла
A25: Время | B25: Понедельник | C25: Вторник | D25: Среда | E25: Четверг | F25: Пятница | I25: Время | J25: Понедельник | K25: Вторник | L25: Среда | M25: Четверг | N25: Пятница | Q25: 46055
A26: 8.45-9.00 | B26: Сонастройка Мишина | C26: Сонастройка Мишина | D26: Сонастройка Мишина | E26: Сонастройка Мишина | F26: Сонастройка Мишина | I26: 8.45-9.00 | J26: Сонастройка | K26: Сонастройка | L26: Сонастройка | M26: Сонастройка | N26: Сонастройка | Q26: Сонастройка
A27: 9.00-9.45 | B27: Русский язык Мишина | C27: Математика Михайлова | D27: Английский язык Матвеева | E27: Математика Михайлова | F27: Русский язык Мишина | I27: 9.00-9.45 | J27: Русский язык | K27: Математика | L27: Английский язык | M27: Математика | N27: Русский язык | Q27: Русский язык
A28: 9.55-10.40 | B28: Математика Михайлова | C28: Литература Мишина | D28: Тьюторский час Силосьева | E28: Биология Павленко | F28: История Павликов | I28: 9.55-10.40 | J28: Математика | K28: Литература | L28: Тьюторский час | M28: Биология | N28: История | Q28: Математика
A29: 10.50-11.35 | B29: Английский язык Матвеева | C29: География Гайденко | D29: Русский язык Мишина | E29: Английский язык Матвеева | F29: История Павликов | I29: 10.50-11.35 | J29: Английский язык | K29: География | L29: Русский язык | M29: Английский язык | N29: История | Q29: Английский язык
A30: 11.45-12.30 | E30: Литература Мишина | I30: 11.45-12.30 | M30: Литература
A31: 12.30-15.00 | B31: ОБЕД | I31: 12.30-15.00 | J31: ОБЕД
A32: 16.00-17.00 | B32: Продленка Лукина Юлия | I32: 16.00-17.00 | J32: Продленка
A33: 17.00-18.00 | B33: Творческая мастерская Лукина Юлия | C33: Творческая мастерская Лукина Юлия | D33: Творческая мастерская Лукина Юлия | I33: 17.00-18.00 | J33: Творческая мастерская | K33: Творческая мастерская | L33: Творческая мастерская
A35: Тьютор | B35: Силосьева Алла
A36: Время | B36: Понедельник | C36: Вторник | D36: Среда | E36: Четверг | F36: Пятница
A37: 8.45-9.00 | B37: Сонастройка | C37: Сонастройка | D37: Сонастройка | E37: Сонастройка | F37: Сонастройка
A38: 9.00-9.45 | B38: Русский язык | C38: Математика | D38: Русский язык | E38: Математика | F38: Русский язык
A39: 9.55-10.40 | B39: Математика | C39: Литература | D39: Тьюторский час | E39: Биология | F39: История
A40: 10.50-11.35 | B40: Английский язык | C40: География | D40: Английский язык | E40: Литература | F40: История
A41: 11.45-12.30 | F41: Английский язык
A42: 12.30-15.00 | B42: ОБЕД
A43: 16.00-17.00 | B43: Продленка
A44: 17.00-18.00 | B44: Творческая мастерская | C44: Творческая мастерская | D44: Творческая мастерская

Sheet 5Б
A1: Тьютор | B1: Лукина Юлия | L1: 45910
A2: Время | B2: Понедельник | C2: Вторник | D2: Среда | E2: Четверг | F2: Пятница | I2: 45905 | L2: Среда
A3: 8.45-9.00 | B3: Сонастройка Лукина Юлия | C3: Сонастройка Лукина Юлия | D3: Сонастройка Лукина Юлия | E3: Сонастройка Лукина Юлия | F3: Сонастройка Лукина Юлия | I3: Сонастройка | L3: Сонастройка | O3: 45923 | Q3: 45925 | S3: 45951 | U3: 45953 | W3: 46017 | Y3: 46035 | AA3: 46036
A4: 9.00-9.45 | B4: Математика Михайлова | C4: Литература Мишина | D4: Математика Михайлова | E4: Литература Мишина | F4: Математика Михайлова | I4: Математика | L4: Математика | O4: Сонастройка | Q4: Сонастройка | S4: Сонастройка | U4: Сонастройка | W4: Сонастройка | Y4: Сонастройка | AA4: Сонастройка
A5: 9.55-10.40 | B5: Русский язык Мишина | C5: Биология Павленко | D5: Английский язык Матвеева | E5: Английский язык Матвеева | F5: География Гайденко | I5: Русский язык | L5: Русский язык | O5: Литература | Q5: Литература | S5: Литература | U5: Английский язык | W5: Математика | Y5: Литература | AA5: Математика
A6: 10.50-11.35 | B6: тьюторский час Лукина | C6: Русский язык Мишина | D6: История Павликов | E6: История Павликов | F6: Русский язык Мишина | I6: Русский язык | L6: Русский язык | O6: Тьюторский час | Q6: География | S6: Английский язык | U6: Литература | W6: Русский язык | Y6: Английский язык | AA6: История
A7: 11.45-12.30 | B7: Английский язык Матвеева | O7: Биология | Q7: История | S7: Эмоциональный интеллект | U7: История | W7: География | Y7: Тьюторский час | AA7: Русский язык
A8: 11.35-15.00 | B8: ОБЕД | Y8: Биология
A9: 16.00-17.00 | B9: Продленка Лукина Юлия
A10: 17.00-18.00 | B10: Творческая мастерская Лукина Юлия | C10: Творческая мастерская Лукина Юлия | D10: Творческая мастерская Лукина Юлия | I10: 46048 | L10: 46049 | O10: 46052 | Q10: 46055 | S10: 46059 | U10: 46062
I11: Сонастройка | L11: Сонастройка Лукина Юлия | O11: Сонастройка | Q11: Сонастройка | S11: Сонастройка | U11: Сонастройка
I12: Математика | L12: История Павликов | O12: Математика | Q12: Математика | S12: Математика | U12: Математика
I13: Русский язык | L13: Русский язык Мишина | O13: Русский язык | Q13: Русский язык | S13: География | U13: Русский язык
I14: Тьюторский час | L14: Математика Михайлова | O14: География | Q14: Тьюторский час | S14: Русский язык | U14: Тьюторский час
S15: Английский язык | U15: Английский язык
A23: Тьютор | B23: Лукина Юлия
A24: Время | B24: Понедельник | C24: Вторник | D24: Среда | E24: Четверг | F24: Пятница
A25: 8.45-9.00 | B25: Сонастройка | C25: Сонастройка | D25: Сонастройка | E25: Сонастройка | F25: Сонастройка
A26: 9.00-9.45 | B26: Математика | C26: Литература | D26: Математика | E26: Литература | F26: Математика
A27: 9.55-10.40 | B27: Русский язык | C27: Биология | D27: Английский язык | E27: Английский язык | F27: География
A28: 10.50-11.35 | B28: Тьюторский час | C28: Русский язык | D28: История | E28: История | F28: Русский язык
A29: 11.45-12.30 | B29: Английский язык
A30: 11.35-15.00 | B30: ОБЕД
A31: 16.00-17.00 | B31: Продленка
A32: 17.00-18.00 | B32: Творческая мастерская | C32: Творческая мастерская | D32: Творческая мастерская

Sheet 5В
A1: Тьютор | B1: Лукина Юлия
A2: Время | B2: Понедельник | C2: Вторник | D2: Среда | E2: Четверг | F2: Пятница | H2: 45951 | J2: 45982 | L2: 45996 | N2: 46016 | P2: 46035 | S2: 46056
A3: 11.30-11.45 | B3: Сонастройка Мишина Валерия | C3: Сонастройка Лукина Юлия | D3: Сонастройка Мишина Валерия | E3: Сонастройка Мишина Валерия | F3: Сонастройка Михайлова Марина | H3: Сонастройка | J3: Сонастройка | L3: Сонастройка | N3: Сонастройка | P3: Сонастройка | S3: Сонастройка
A4: 11.45-12.30 | B4: Русский язык Мишина | C4: Биология Павленко | D4: Русский язык Мишина | E4: История Павликов | F4: Математика Михайлова | H4: Тьюторский час | J4: Английский язык | L4: Английский язык | N4: История | P4: Тьюторский час | S4: Биология
A5: 12.40-13.25 | B5: Математика Михайлова | C5: Тьюторский час Лукина | D5: Математика Михайлова | E5: Русский язык Мишина | F5: География Гайденко | H5: Английский язык | J5: География | L5: География | N5: Русский язык | P5: Биология | S5: Английский язык
A6: 13.35-14.20 | B6: Английский язык Матвеева | C6: Литература Мишина | D6: История Павликов | E6: Литература Мишина | F6: Английский язык Матвеева | H6: Литература | J6: Математика | L6: Математика | N6: Литература | P6: Литература | S6: Литература
A7: 14.30-15.15 | D7: Английский язык Матвеева | N7: Биология | P7: Английский язык | S7: Тьюторский час
A8: 15.15-16.00 | B8: ОБЕД
A9: 16.00-17.00 | B9: Продленка Лукина Юлия
A10: 17.00-18.00 | B10: Творческая мастерская Лукина Юлия | C10: Творческая мастерская Лукина Юлия | D10: Творческая мастерская Лукина Юлия
A12: Расписание 26.01-30.01 | H12: Расписание 26.01-30.01 | P12: 46055 | S12: 46059
A13: Тьютор | B13: Лукина Юлия | P13: Сонастройка | S13: Сонастройка
A14: Время | B14: Понедельник | C14: Вторник | D14: Среда | E14: Четверг | F14: Пятница | H14: Время | I14: Понедельник | J14: Вторник | K14: Среда | L14: Четверг | M14: Пятница | P14: Английский язык | S14: Математика
A15: 11.30-11.45 | B15: Сонастройка Мишина Валерия | C15: Сонастройка Лукина Юлия | D15: Сонастройка Мишина Валерия | E15: Сонастройка Мишина Валерия | F15: Сонастройка Михайлова Марина | H15: 11.30-11.45 | I15: Сонастройка | J15: Сонастройка | K15: Сонастройка | L15: Сонастройка | M15: Сонастройка | P15: Математика | S15: География
A16: 11.45-12.30 | B16: Английский язык Матвеева | C16: Биология Павленко | D16: Русский язык Мишина | E16: Английский язык Матвеева | F16: Математика Михайлова | H16: 11.45-12.30 | I16: Английский язык | J16: Биология | K16: Русский язык | L16: Английский язык | M16: Математика | P16: Русский язык
A17: 12.40-13.25 | B17: Математика Михайлова | C17: Тьюторский час Лукина | D17: Математика Михайлова | E17: Русский язык Мишина | F17: География Гайденко | H17: 12.40-13.25 | I17: Математика | J17: Тьюторский час | K17: Математика | L17: Русский язык | M17: География
A18: 13.35-14.20 | B18: Русский язык Мишина | C18: Литература Мишина | D18: История Павликов | E18: Литература Мишина | F18: История Павликов | H18: 13.35-14.20 | I18: Русский язык | J18: Литература | K18: История | L18: Литература | M18: История
A19: 14.30-15.15 | F19: Английский язык Матвеева | H19: 14.30-15.15 | M19: Английский язык
A20: 15.15-16.00 | B20: ОБЕД | H20: 15.15-16.00 | I20: ОБЕД
A21: 16.00-17.00 | B21: Продленка Лукина Юлия | H21: 16.00-17.00 | I21: Продленка
A22: 17.00-18.00 | B22: Творческая мастерская Лукина Юлия | C22: Творческая мастерская Лукина Юлия | D22: Творческая мастерская Лукина Юлия | H22: 17.00-18.00 | I22: Творческая мастерская | J22: Творческая мастерская | K22: Творческая мастерская
A24: Время | B24: Понедельник | C24: Вторник | D24: Среда | E24: Четверг | F24: Пятница
A25: 11.30-11.45 | B25: Сонастройка | C25: Сонастройка | D25: Сонастройка | E25: Сонастройка | F25: Сонастройка
A26: 11.45-12.30 | B26: Русский язык | C26: Биология | D26: Русский язык | E26: История | F26: Математика
A27: 12.40-13.25 | B27: Математика | C27: Тьюторский час | D27: Математика | E27: Русский язык | F27: География
A28: 13.35-14.20 | B28: Английский язык | C28: Литература | D28: История | E28: Литература | F28: Английский язык
A29: 14.30-15.15 | D29: Английский язык
A30: 15.15-16.00 | B30: ОБЕД
A31: 16.00-17.00 | B31: Продленка
A32: 17.00-18.00 | B32: Творческая мастерская | C32: Творческая мастерская | D32: Творческая мастерская

Sheet 6А
A1: Тьютор | B1: Голубева Елизавета
A2: Время | B2: Понедельник | C2: Вторник | D2: Среда | E2: Четверг | F2: Пятница | J2: 45902 | M2: 45905 | P2: 45910 | R2: 45947 | T2: 45982 | V2: 46003 | X2: 46017 | Z2: 46069 | AB2: 46072
A3: 8.45-9.00 | B3: Сонастройка Вайнула | C3: Сонастройка Вайнула | D3: Сонастройка Голубева Елизавета | E3: Сонастройка Вайнула | F3: Сонастройка Голубева Елизавета | J3: Вторник | M3: 45905 | P3: Среда | R3: Сонастройка | T3: Сонастройка | V3: Сонастройка | X3: Сонастройка | Z3: Сонастройка | AB3: Сонастройка
A4: 9.00-9.45 | B4: Русский язык Вайнула | C4: Литература Вайнула | D4: История Павликов | E4: Русский язык Вайнула | F4: Русский язык Вайнула | J4: Сонастройка Вайнула | M4: Сонастройка | P4: Сонастройка | R4: Русский язык | T4: Русский язык | V4: Русский язык | X4: Биология | Z4: Русский язык | AB4: Русский язык
A5: 9.55-10.40 | B5: Тьюторский час Голубева | C5: География Гайденко | D5: Английский язык Латышева | E5: История Павликов | F5: Английский язык Латышева | J5: Литература Вайнула | M5: Русский язык | P5: Тьюторский час | R5: Литература | T5: Английский язык | V5: Литература | X5: Русский язык | Z5: Тьюторский час | AB5: История
A6: 10.50-11.35 | B6: Математика Карнаушенко | C6: Математика Карнаушенко | E6: Математика Карнаушенко | F6: Литература Вайнула | J6: Математика Карнаушенко | M6: Литература | P6: Английский язык | R6: Английский язык | T6: Литература | V6: Биология | X6: Английский язык | Z6: Математика | AB6: Математика
A7: 11.45-12.30 | C7: Английский язык Латышева | F7: Биология Павленко | J7: Математика Карнаушенко | M7: Английский язык | N7: Латышева | P7: Математика | R7: Биология | V7: Английский язык | X7: Литература
A8: 12.30-14.00 | B8: ОБЕД | M8: Биология
A9: 14.00-15.00 | B9: Продленка Голубева Елизавета
A10: 15.00-16.00 | B10: Творческая мастерская Голубева Елизавета | C10: Творческая мастерская Голубева Елизавета | D10: Творческая мастерская Голубева Елизавета | J10: 45926 | M10: 46014 | R10: 46048 | T10: 46052 | V10: 46055 | X10: 46059 | Z10: 46062
J11: Сонастройка | M11: Сонастройка | R11: Сонастройка | T11: Сонастройка | V11: Сонастройка | X11: Сонастройка | Z11: Сонастройка
A12: Расписание 9-13 февраля | J12: Русский язык | M12: Литература | R12: Русский язык | T12: Русский язык | V12: Русский язык | X12: Русский язык | Z12: Русский язык
A13: Тьютор | B13: Голубева Елизавета | J13: Литература | M13: Математика | R13: Тьюторский час | T13: Биология | V13: Тьюторский час | X13: Биология | Z13: Тьюторский час
A14: Время | B14: Понедельник | C14: Вторник | D14: Среда | E14: Четверг | F14: Пятница | J14: Английский язык | M14: География | R14: Математика | T14: Литература | X14: Литература
A15: 8.45-9.00 | B15: Сонастройка Голубева Елизавета | C15: Сонастройка Вайнула | D15: Сонастройка Голубева Елизавета | E15: Сонастройка Вайнула | F15: Сонастройка Голубева Елизавета | J15: Биология | Z15: Математика
A16: 9.00-9.45 | B16: Русский язык Вайнула | C16: Литература Вайнула | D16: История Павликов | E16: Русский язык Вайнула | F16: Русский язык Вайнула | M16: 46066
A17: 9.55-10.40 | B17: Английский язык Латышева | C17: География Гайденко | D17: Английский язык Латышева | E17: История Павликов | F17: Английский язык Латышева | J17: 46065 | M17: Сонастройка
A18: 10.50-11.35 | B18: Математика Карнаушенко | C18: Математика Карнаушенко | E18: Математика Карнаушенко | F18: Литература Вайнула | J18: Сонастройка | M18: Русский язык
A19: 11.45-12.30 | D19: Английский язык (отработка урока за 26.01) Матвеева | J19: Русский язык | M19: Английский язык
A20: 12.30-14.00 | B20: ОБЕД | J20: История | M20: Литература
A21: 14.00-15.00 | B21: Продленка Голубева Елизавета | M21: Биология
A22: 15.00-16.00 | B22: Творческая мастерская Голубева Елизавета | C22: Творческая мастерская Голубева Елизавета | D22: Творческая мастерская Голубева Елизавета
A26: Тьютор | B26: Голубева Елизавета
A27: Время | B27: Понедельник | C27: Вторник | D27: Среда | E27: Четверг | F27: Пятница
A28: 8.45-9.00 | B28: Сонастройка | C28: Сонастройка | D28: Сонастройка | E28: Сонастройка | F28: Сонастройка
A29: 9.00-9.45 | B29: Русский язык | C29: Литература | D29: История | E29: Русский язык | F29: Русский язык
A30: 9.55-10.40 | B30: Тьюторский яас | C30: География | D30: Английский язык | E30: История | F30: Английский язык
A31: 10.50-11.35 | B31: Математика | C31: Математика | E31: Математика | F31: Литература
A32: 11.45-12.30 | C32: Английский язык | D32: Английский язык (отработка урока за 26.01) | F32: Биология
A33: 12.30-14.00 | B33: ОБЕД
A34: 14.00-15.00 | B34: Продленка
A35: 15.00-16.00 | B35: Творческая мастерская | C35: Творческая мастерская | D35: Творческая мастерская

Sheet 6Б
A1: Тьютор | B1: Голубева Елизавета
A2: Время | B2: Понедельник | C2: Вторник | D2: Среда | E2: Четверг | F2: Пятница | I2: 45905 | K2: 45926 | M2: 45943 | O2: 45947 | Q2: 45953 | S2: 46003 | U2: 46017
A3: 8.45-9.00 | B3: Сонастройка Зиновьева | C3: Сонастройка Голубева Елизавета | D3: Сонастройка Зиновьева | E3: Сонастройка Голубева Елизавета | F3: Сонастройка Гайденко | I3: Сонастройка | K3: Сонастройка | M3: Сонастройка | O3: Сонастройка | Q3: Сонастройка | S3: Сонастройка | U3: Сонастройка
A4: 9.00-9.45 | B4: Английский язык Латышева | C4: Английский язык Латышева | D4: Английский язык Латышева | E4: История Павликов | F4: География Гайденко | I4: География | K4: География | M4: Тьюторский час | O4: География | Q4: История | S4: География | U4: Литература
A5: 9.55-10.40 | B5: Русский язык Вайнула | C5: История Павликов | D5: Математика Карнаушенко | E5: Русский язык Вайнула | F5: Литература Вайнула | I5: Математика | K5: Математика | M5: Русский язык | O5: Математика | Q5: Русский язык | S5: Математика | U5: География
A6: 10.50-11.35 | B6: Тьюторский час Голубева | C6: Русский язык Вайнула | D6: Литература Вайнула | E6: Биология Павленко | F6: Математика Карнаушенко | I6: Литература | K6: Литература | M6: Английский язык | O6: Литература | Q6: Эмоциональный интеллект | S6: Литература | U6: Математика
A7: 11.45-12.30 | E7: Математика Карнаушенко | Q7: Математика
A8: 12.30-14.00 | B8: ОБЕД
A9: 14.00-15.00 | B9: Продленка Голубева Елизавета
A10: 15.00-16.00 | B10: Творческая мастерская Голубева Елизавета | C10: Творческая мастерская Голубева Елизавета | D10: Творческая мастерская Голубева Елизавета
A13: Тьютор | B13: Голубева Елизавета | I13: 46048 | K13: 46052 | M13: 46055 | O13: 46059 | Q13: 46062 | U13: 46065
A14: Время | B14: Понедельник | C14: Вторник | D14: Среда | E14: Четверг | F14: Пятница | I14: Сонастройка | K14: Сонастройка | M14: Сонастройка | O14: Сонастройка | Q14: Сонастройка | U14: Сонастройка
A15: 8.45-9.00 | B15: Сонастройка Голубева Елизавета | C15: Сонастройка Голубева Елизавета | D15: Сонастройка Зиновьева | E15: Сонастройка Голубева Елизавета | F15: Сонастройка Гайденко | I15: Тьюторский час | K15: География | M15: Тьюторский час | O15: География | Q15: Тьюторский час | U15: История
A16: 9.00-9.45 | B16: Тьюторский час Голубева | C16: Английский язык Латышева | D16: Английский язык Латышева | E16: История Павликов | F16: География Гайденко | I16: Русский язык | K16: Литература | M16: Русский язык | O16: Литература | U16: Биология
A17: 9.55-10.40 | B17: Русский язык Вайнула | C17: История Павликов | D17: Математика Карнаушенко | E17: Математика Карнаушенко | F17: Литература Вайнула | Q17: Русский язык | U17: Математика
A18: 10.50-11.35 | C18: Русский язык Вайнула | D18: Литература Вайнула | E18: Английский язык Латышева | F18: Биология Павленко | Q18: Английский язык | U18: Русский язык
A19: 11.45-12.30 | C19: Математика Карнаушенко | E19: Русский язык Вайнула
A20: 12.30-14.00 | B20: ОБЕД
A21: 14.00-15.00 | B21: Продленка Голубева Елизавета
A22: 15.00-16.00 | B22: Творческая мастерская Голубева Елизавета | C22: Творческая мастерская Голубева Елизавета | D22: Творческая мастерская Голубева Елизавета
A25: Тьютор | B25: Голубева Елизавета
A26: Время | B26: Понедельник | C26: Вторник | D26: Среда | E26: Четверг | F26: Пятница
A27: 8.45-9.00 | B27: Сонастройка | C27: Сонастройка | D27: Сонастройка | E27: Сонастройка | F27: Сонастройка
A28: 9.00-9.45 | B28: Тьюторский час | C28: Английский язык | D28: Английский язык | E28: История | F28: География
A29: 9.55-10.40 | C29: История | D29: Математика | E29: Математика | F29: Литература
A30: 10.50-11.35 | B30: Русский язык | C30: Русский язык | D30: Литература | E30: Биология | F30: Математика
A31: 11.45-12.30 | B31: Английский язык | E31: Русский язык
A32: 12.30-14.00 | B32: ОБЕД
A33: 14.00-15.00 | B33: Продленка
A34: 15.00-16.00 | B34: Творческая мастерская | C34: Творческая мастерская | D34: Творческая мастерская

Sheet 7А
A1: Тьютор | B1: Лукина Юлия
A2: Время | B2: Понедельник | C2: Вторник | D2: Среда | E2: Четверг | F2: Пятница
A3: 11.30-11.45 | B3: Сонастройка Лукина Юлия | C3: Сонастройка Ларшина Анастасия | D3: Сонастройка Лукина Юлия | E3: Сонастройка Лукина Юлия | F3: Сонастройка Лукина Юлия | I3: Вторник | K3: 45945 | M3: 45946 | O3: 45951 | Q3: 45974 | S3: 45989 | U3: 46015 | W3: 46017 | Y3: 46036 | AA3: 46037
A4: 11.45-12.30 | B4: Русский язык Вайнула | C4: Алгебра Ларшина | D4: Английский язык Латышева | E4: Английский язык Латышева | F4: География Гайденко | I4: Сонастройка Лалетина Елизавета | K4: Сонастройка | M4: Сонастройка | O4: Сонастройка | Q4: Сонастройка | S4: Сонастройка | U4: Сонастройка | W4: Сонастройка | Y4: Сонастройка | AA4: Сонастройка
A5: 12.40-13.25 | B5: Литература Вайнула | C5: Геометрия Ларшина | D5: Литература Вайнула | E5: Геометрия Ларшина | F5: Алгебра Ларшина | I5: Алгебра Ларшина | K5: Английский язык | M5: Русский язык | O5: Алгебра | Q5: Физика | S5: География | U5: Английский язык | W5: География | Y5: Английский язык | AA5: Геометрия
A6: 13.35-14.20 | B6: История Павликов | C6: Русский язык Вайнула | D6: Физика Барышникова | E6: Русский язык Вайнула | F6: Информатика Ларшина | I6: Геометрия Ларшина | K6: Литература | M6: Английский язык | O6: Геометрия | Q6: Английский язык | S6: Алгебра | U6: Литература | W6: Алгебра | Y6: Литература | AA6: Английский язык
A7: 14.30-15.15 | B7: Алгебра Ларшина | C7: Биология Павленко | D7: Тьюторский час Лукина | E7: Физика Барышникова | F7: История Павликов | I7: Русский язык Вайнула | K7: Тьюторский час | M7: Геометрия | O7: Русский язык | Q7: Русский язык | S7: Информатика | U7: Физика | W7: Геометрия | Y7: Тьюторский час | AA7: Русский язык
A8: 15.25-16.10 | F8: Английский язык Латышева | I8: Биология Павленко | O8: География | S8: Английский язык | U8: Информатика | W8: История
A9: 15.15 - 15.30 | B9: ОБЕД | I9: Литература Вайнула | K9: 46043 | M9: 46051 | W9: Английский язык
A10: 16.00-17.00 | B10: Продленка Лукина Юлия | C10: Продленка Лукина Юлия | D10: Продленка Лукина Юлия | E10: Продленка Лукина Юлия | K10: Сонастройка | M10: Сонастройка | O10: 46057 | Q10: 46058 | S10: 46062 | U10: 46064 | Y10: 46065
A11: 17.00-18.00 | B11: Тверческая мастерская Лукина Юлия | C11: Тверческая мастерская Лукина Юлия | D11: Тверческая мастерская Лукина Юлия | K11: Английский язык | M11: Английский язык | O11: Сонастройка | Q11: Сонастройка | S11: Сонастройка | U11: Сонастройка | Y11: Сонастройка
K12: Литература | M12: Геометрия | O12: Английский язык | Q12: Геометрия | S12: Русский язык | U12: Тьюторский час | Y12: Английский язык
A13: Тьютор | B13: Лукина Юлия | K13: Тьюторский час | M13: Русский язык | O13: Литература | Q13: Алгебра | S13: Литература | U13: Литература | Y13: Геометрия
A14: Время | B14: Понедельник | C14: Вторник | D14: Среда | E14: Четверг | F14: Пятница | I14: 46071 | O14: Тьюторский час | Q14: Русский язык | S14: История | U14: Алгебра | Y14: Русский язык
A15: 11.30-11.45 | B15: Сонастройка Лукина Юлия | C15: Сонастройка Ларшина Анастасия | D15: Сонастройка Лукина Юлия | E15: Сонастройка Лукина Юлия | F15: Сонастройка Лукина Юлия | I15: Сонастройка | K15: 46073
A16: 11.45-12.30 | B16: Русский язык Вайнула | C16: Алгебра Ларшина | D16: Английский язык Латышева | E16: Английский язык Латышева | F16: География Гайденко | I16: Английский язык | K16: Сонастройка
A17: 12.40-13.25 | B17: Литература Вайнула | C17: Геометрия Ларшина | D17: Литература Вайнула | E17: Геометрия Ларшина | F17: Алгебра Ларшина | I17: Литература | K17: География
A18: 13.35-14.20 | B18: История Павликов | C18: Русский язык Вайнула | D18: Физика Барышникова | E18: Русский язык Вайнула | F18: Информатика Ларшина | I18: Физика | K18: Алгебра
A19: 14.30-15.15 | B19: Алгебра Ларшина | C19: Биология Павленко | D19: Тьюторский час Лукина | E19: Физика Барышникова | F19: История Павликов | I19: История | K19: Информатика
A20: 15.25-16.10 | F20: Английский язык Латышева | K20: Тьюторский час
A21: 15.15 - 15.30 | B21: ОБЕД | K21: Английский язык
A22: 16.00-17.00 | B22: Продленка Лукина Юлия | C22: Продленка Лукина Юлия | D22: Продленка Лукина Юлия | E22: Продленка Лукина Юлия
A23: 17.00-18.00 | B23: Тверческая мастерская Лукина Юлия | C23: Тверческая мастерская Лукина Юлия | D23: Тверческая мастерская Лукина Юлия

Sheet 7Б
A1: Тьютор | B1: Лалетина Елизавета
A2: Время | B2: Понедельник | C2: Вторник | D2: Среда | E2: Четверг | F2: Пятница | I2: вариант, если не выйдет постоянный пелагог | L2: 45945 | N2: 45946 | P2: 46016 | R2: 46017 | T2: 46016 | V2: 46036 | X2: 46037 | Z2: 46043 | AB2: 46044
A3: 8.45-9.00 | B3: Сонастройка Карнаушенко | C3: Сонастройка Лалетина Елизавета | D3: Сонастройка Карнаушенко | E3: Сонастройка Лалетина Елизавета | F3: Сонастройка Карнаушенко | I3: Четверг | L3: Сонастройка | N3: Сонастройка | P3: Сонастройка | R3: Сонастройка | T3: Сонастройка | V3: Сонастройка | X3: Сонастройка | Z3: Сонастройка | AB3: Сонастройка
A4: 9.00-9.45 | B4: Алгебра Карнаушенко | C4: История Павликов | D4: Алгебра Карнаушенко | E4: Тьюторский час Лалетина | F4: Геометрия Карнаушенко | I4: Сонастройка | L4: Алгебра | N4: Эмоциональный интеллект | P4: Геометрия | R4: География | T4: Геометрия | V4: Алгебра | X4: Тьюторский час | Z4: Алгебра | AB4: Физика
A5: 9.55-10.40 | B5: Геометрия Карнаушенко | C5: Литература Вайнула | D5: Русский язык Вайнула | E5: Алгебра Карнаушенко | F5: Биология Павленко | I5: Тьюторский час Лалетина | L5: Русский язык | N5: Алгебра | P5: Алгебра | R5: Биология | T5: Алгебра | V5: Русский язык | X5: Алгебра | Z5: Русский язык | AB5: Алгебра
A6: 10.50-11.35 | B6: Русский язык Вайнула | C6: Английский язык Латышева | D6: Английский язык Латышева | E6: Литература Вайнула | F6: География Гайденко | I6: Алгебра Карнаушенко | L6: Английский язык | N6: Литература | P6: Физика | R6: Русский язык | T6: Литература | V6: Английский язык | X6: Литература | Z6: Английский язык | AB6: Английский язык
A7: 11.45-12.30 | B7: Информатика Ларшина | C7: История Павликов | D7: Физика Липко | E7: Английский язык Латышева | F7: Русский язык Вайнула | I7: Литература Вайнула | N7: Английский язык | P7: Английский язык | R7: Геометрия | T7: Английский язык | X7: Английский язык | AB7: Тьюторский час
A8: 12.40-13.25 | E8: Физика Липко | I8: Английский язык Вакансия 3 | J8: Латышева | L8: 46052 | P8: Литература | AB8: Литература
A9: 13.25-15.30 | B9: ОБЕД | I9: Физика Липко | L9: Сонастройка | N9: 46055 | R9: 46059 | T9: 46062 | V9: 46065 | X9: 46064 | Z9: 46072
A10: 15.30-16.30 | B10: Продленка | L10: Биология | N10: Сонастройка | R10: Сонастройка | T10: Сонастройка | V10: Сонастройка | X10: Сонастройка | Z10: Сонастройка
A11: 16.30-17.30 | B11: Творческая мастерская Лалетина | C11: Творческая мастерская Лалетина | D11: Творческая мастерская Лалетина | L11: География | R11: Биология | T11: Тьюторский час | V11: Алгебра | X11: Алгебра | Z11: Алгебра
L12: Геометрия | R12: Геометрия | V12: Английский язык | X12: Русский язык | Z12: Английский язык
L13: Русский язык | N13: Русский язык | R13: География | T13: Русский язык | Z13: Физика
A14: Тьютор | B14: Лалетина Елизавета | N14: Информатика | R14: Русский язык | V14: Физика | Z14: Тьюторский час
A15: Время | B15: Понедельник | C15: Вторник | D15: Среда | E15: Четверг | F15: Пятница | H15: 46058 | J15: 46071 | T15: Алгебра | V15: Литература | Z15: Литература
A16: 8.45-9.00 | B16: Сонастройка Ларшина | C16: Сонастройка Лалетина Елизавета | D16: Сонастройка Ларшина | E16: Сонастройка Лалетина Елизавета | F16: Сонастройка Ларшина | H16: Сонастройка | J16: Сонастройка
A17: 9.00-9.45 | B17: Алгебра Ларшина | C17: История Павликов | D17: Тьюторский час Лалетина | E17: Физика Барышникова | F17: Алгебра Ларшина | H17: Алгебра | J17: Алгебра
A18: 9.55-10.40 | B18: Физика Барышникова | C18: Литература Вайнула | D18: Русский язык Вайнула | E18: Английский язык Латышева | F18: Биология Павленко | H18: Тьюторский час | J18: Русский язык
A19: 10.50-11.35 | B19: Русский язык Вайнула | C19: Английский язык Латышева | D19: Английский язык Латышева | E19: Геометрия Ларшина | F19: География Гайденко | H19: Физика | J19: Английский язык
A20: 11.45-12.30 | B20: Информатика Ларшина | C20: История Павликов | D20: Геометрия Ларшина | E20: Алгебра Ларшина | F20: Русский язык Вайнула | H20: Английский язык | J20: Физика
A21: 12.40-13.25 | E21: Литература Вайнула | H21: Литература
A22: 13.25-15.30 | B22: ОБЕД
A23: 15.30-16.30 | B23: Продленка
A24: 16.30-17.30 | B24: Творческая мастерская Лалетина | C24: Творческая мастерская Лалетина | D24: Творческая мастерская Лалетина

Sheet 8А
A1: т | B1: Лалетина Елизавета
A2: Время | B2: Понедельник | C2: Вторник | D2: Среда | E2: Четверг | F2: Пятница | J2: 45902 | M2: 45910
A3: 8.45-9.00 | B3: Сонастройка Лалетина Елизавета | C3: Сонастройка Ларшина | D3: Сонастройка Лалетина Елизавета | E3: Сонастройка Ларшина | F3: Сонастройка Латышева | J3: Вторник | M3: Среда | O3: 45943 | Q3: 45944 | S3: 45945 | U3: 45946 | W3: 45951 | Y3: 45973 | AA3: 45974 | AC3: 45989 | AE3: 45994 | AG3: 45975 | AI3: 45996 | AK3: 45999 | AM3: 46003 | AO3: 46001 | AQ3: 46010 | AS3: 46034 | AU3: 46035 | AW3: 46036 | AY3: 46037
A4: 9.00-9.45 | B4: Информатика Ларшина | C4: Алгебра Ларшина | D4: Химия Четверикова | E4: Алгебра Ларшина | F4: Английский язык Латышева | J4: Сонастройка Ларшина | M4: Сонастройка | O4: Сонастройка | Q4: Сонастройка | S4: Сонастройка | U4: Сонастройка | W4: Сонастройка | Y4: Сонастройка | AA4: Сонастройка | AC4: Сонастройка | AE4: Сонастройка | AG4: Сонастройка | AI4: Сонастройка | AK4: Сонастройка | AM4: Сонастройка | AO4: Сонастройка | AQ4: Сонастройка | AS4: Сонастройка | AU4: Сонастройка | AW4: Сонастройка | AY4: Сонастройка
A5: 9.55-10.40 | B5: Алгебра Ларшина | C5: Английский язык Латышева | D5: Геометрия Ларшина | E5: Физика Липко | F5: Геометрия Ларшина | J5: Алгебра Ларшина | M5: Химия | O5: Русский язык | Q5: Литература | S5: Химия | U5: Алгебра | W5: Алгебра | Y5: Химия | AA5: Физика | AC5: Английский язык | AE5: Геометрия | AG5: Английский язык | AI5: Английский язык | AK5: Тьюторский час | AM5: Английский язык | AO5: Химия | AQ5: Английский язык | AS5: Информатика | AU5: Алгебра | AW5: Химия | AY5: Алгебра
A6: 10.50-11.35 | B6: Литература Тенешева | C6: Русский язык Тенешева | D6: Литература Тенешева | E6: Русский язык Тенешева | F6: Русский язык Тенешева | J6: Английский язык Латышева | M6: Геометрия | O6: тьюторский час | Q6: Английский язык | S6: Геометрия | U6: Эмоциональный интеллект | W6: Английский язык | Y6: Эмоциональный интеллект | AA6: Физика | AC6: Физика | AE6: Геометрия | AG6: Геометрия | AI6: Геометрия | AK6: Алгебра | AM6: Геометрия | AO6: Литература | AQ6: Русский язык | AS6: География | AU6: Английский язык | AW6: Геометрия | AY6: Английский язык
A7: 11.45-12.30 | B7: Английский язык Латышева | C7: География Гайденко | D7: История Павликов | F7: Физика Липко | J7: Русский язык Тенешева | M7: Литература | O7: Литература | Q7: Алгебра | S7: География | U7: Русский язык | W7: Русский язык | Y7: Литература | AA7: Русский язык | AC7: Русский язык | AE7: Литература | AG7: Русский язык | AI7: Русский язык | AK7: Литература | AM7: Русский язык | AO7: Геометрия | AQ7: Геометрия | AS7: Алгебра | AU7: Биология | AW7: История | AY7: Русский язык
A8: 12.40-13.25 | B8: История Павликов | C8: Биология Павленко | D8: Обществознание Павликов | F8: Тьюторский час Лалетина | J8: Русский язык Тенешева | M8: Геометрия | O8: Английский язык | Q8: География | S8: История | U8: Алгебра | W8: География | Y8: История | AC8: Геометрия | AE8: История | AI8: Физика | AK8: Английский язык | AM8: Физика | AO8: История | AQ8: Физика | AS8: Английский язык | AU8: География | AW8: Обществознание | AY8: Литература
A9: 13.25-16.00 | B9: ОБЕД | J9: Биология Павленко | M9: Обществознание | O9: История | Q9: Биология | S9: Обществознание | Y9: Обществознание | AC9: Тьюторский час | AE9: Обществознание | AI9: Химия | AK9: Информатика | AM9: Биология | AO9: Обществознание | AQ9: Тьюторский час | AS9: История
A10: 16.00-17.00 | B10: Продленка
A11: 17.00-18.00 | B11: Тверческая мастерская Лалетина Елизавета | C11: Тверческая мастерская Лалетина Елизавета | D11: Тверческая мастерская Лалетина Елизавета
B14: Расписание занятий 13-17 октября | M14: 46038 | O14: 46062
A15: Время | B15: Понедельник | C15: Вторник | D15: Среда | E15: Четверг | F15: Пятница | J15: 45947 | M15: Сонастройка | O15: Сонастройка
A16: 8.45-9.00 | B16: Сонастройка | C16: Сонастройка | D16: Сонастройка | E16: Сонастройка | F16: Сонастройка | J16: Сонастройка | M16: Английский язык | O16: Информатика
A17: 9.00-9.45 | B17: Русский язык | C17: Литература | D17: Химия | E17: Алгебра | F17: Английский язык | J17: Английский язык | M17: Геометрия
A18: 9.55-10.40 | B18: тьюторский час | C18: Английский язык | D18: Геометрия | E18: Физика | F18: Геометрия | J18: Геометрия | M18: Алгебра | O18: Алгебра
A19: 10.50-11.35 | B19: Литература | C19: Алгебра | D19: География | E19: Русский язык | F19: Информатика | J19: Информатика
A20: 11.45-12.30 | B20: Английский язык | C20: География | D20: История | E20: Алгебра | F20: Физика | O20: История
A21: 12.40-13.25 | B21: История | C21: Биология | D21: Обществознание | O21: Английский язык
A22: 13.25-16.00 | B22: ОБЕД
A23: 16.00-17.00 | B23: Продленка
A24: 17.00-18.00 | B24: Тверческая мастерская | C24: Тверческая мастерская | D24: Тверческая мастерская
A26: Время | B26: Понедельник | C26: Вторник | D26: Среда | E26: Четверг | F26: Пятница | H26: 46035 | J26: 46037 | M26: 46041 | O26: 46042 | Q26: 46043 | S26: 46044 | U26: 46045 | W26: 46048 | Y26: 46049 | AA26: 46050 | AC26: 46051 | AE26: 46052 | AG26: 46055 | AI26: 46056 | AK26: 46066 | AM26: 46057 | AO26: 46058 | AQ26: 46059 | AS26: 46063 | AU26: 46064 | AW26: 46065
A27: 8.45-9.00 | B27: Сонастройка Лалетина Елизавета | C27: Сонастройка Ларшина | D27: Сонастройка Лалетина Елизавета | E27: Сонастройка Ларшина | F27: Сонастройка Латышева | H27: Сонастройка | J27: Сонастройка | M27: Сонастройка | O27: Сонастройка | Q27: Сонастройка | S27: Сонастройка | U27: Сонастройка | W27: Сонастройка | Y27: Сонастройка | AA27: Сонастройка | AC27: Сонастройка | AE27: Сонастройка | AG27: Сонастройка | AI27: Сонастройка | AK27: Сонастройка | AM27: Сонастройка | AO27: Сонастройка | AQ27: Сонастройка | AS27: Сонастройка | AU27: Сонастройка | AW27: Сонастройка
A28: 9.00-9.45 | B28: Информатика Ларшина | C28: Алгебра Ларшина | D28: География Гайденко | E28: Физика Барышникова | F28: Английский язык Латышева | H28: Алгебра | J28: Алгебра | M28: Информатика | O28: Биология | Q28: Химия | S28: Алгебра | U28: Английский язык | W28: Информатика | Y28: Биология | AA28: Геометрия | AC28: Алгебра | AE28: Английский язык | AG28: Информатика | AI28: Алгебра | AK28: Английский язык | AM28: Геометрия | AO28: Алгебра | AQ28: Английский язык | AS28: Алгебра | AU28: География | AW28: Физика
A29: 9.55-10.40 | B29: Алгебра Ларшина | C29: Английский язык Латышева | D29: История Павликов | E29: Русский язык Вайнула | F29: Геометрия Ларшина | H29: Биология | J29: Английский язык | M29: Тьюторский час | O29: Английский язык | Q29: Геометрия | S29: Английский язык | U29: Геометрия | W29: Тьюторский час | Y29: Английский язык | AA29: История | AC29: Русский язык | AE29: Геометрия | AG29: Тьюторский час | AI29: Английский язык | AK29: Геометрия | AM29: История | AO29: Русский язык | AQ29: Тьюторский час | AS29: Английский язык | AU29: История | AW29: Русский язык
A30: 10.50-11.35 | B30: Тьюторский час Лалетина | C30: Биология Павленко | D30: Геометрия Ларшина | E30: Литература Вайнула | F30: Химия Созонов | H30: Английский язык | J30: Тьюторский час | O30: География | Q30: История | S30: Алгебра | W30: Алгебра | Y30: Геометрия | AE30: Физика | AG30: Алгебра | AI30: География | AO30: Литература | AQ30: Геометрия | AS30: Биология | AU30: Геометрия | AW30: Литература
A31: 11.45-12.30 | B31: Английский язык Латышева | C31: Литература Вайнула | D31: Русский язык Вайнула | E31: Алгебра Ларшина | F31: Физика Барышникова | H31: География | M31: Английский язык | O31: Русский язык | Q31: Алгебра | U31: Физика | W31: Английский язык | Y31: Русский язык | AA31: Обществознание | AE31: Русский язык | AG31: Английский язык | AI31: Литература | AK31: Химия | AM31: Русский язык | AS31: Литература | AU31: Русский язык | AW31: Алгебра
A32: 12.40-13.25 | B32: История Павликов | D32: Обществознание Павликов | F32: Русский язык Вайнула | M32: История | Q32: Обществознание | W32: История | Y32: География | AG32: История | AI32: Биология | AK32: Русский язык | AM32: Обществознание | AQ32: русский язык | AU32: Обществознание
A33: 13.25-16.00 | B33: ОБЕД
A34: 16.00-17.00 | B34: Продленка
A35: 17.00-18.00 | B35: Тверческая мастерская Лалетина Елизавета | C35: Тверческая мастерская Лалетина Елизавета | D35: Тверческая мастерская Лалетина Елизавета
A37: изменения под расписание Ларшиной Анастасии | J37: 46071
A38: Время | B38: Понедельник | C38: Вторник | D38: Среда | E38: Четверг | F38: Пятница | J38: Сонастройка
A39: 8.45-9.00 | B39: Сонастройка Лалетина Елизавета | C39: Сонастройка Ларшина | D39: Сонастройка Лалетина Елизавета | E39: Сонастройка Ларшина | F39: Сонастройка Латышева | J39: География
A40: 9.00-9.45 | B40: Тьюторский час Лалетина | C40: Алгебра Ларшина | E40: Физика Барышникова | F40: Английский язык Латышева | J40: История
A41: 9.55-10.40 | B41: Алгебра Ларшина | C41: Английский язык Латышева | D41: История Павликов | E41: Русский язык Вайнула | F41: Геометрия Ларшина | J41: Геометрия
A42: 10.50-11.35 | B42: Физика Барышникова | C42: Биология Павленко | D42: Геометрия Ларшина | E42: Литература Вайнула | F42: Химия Созонов | J42: Русский язык
A43: 11.45-12.30 | B43: Английский язык Латышева | C43: Литература Вайнула | D43: Русский язык Вайнула | E43: Алгебра Ларшина | F43: Информатика Ларшина | J43: Обществознание
A44: 12.40-13.25 | B44: История Павликов | C44: География Гайденко | D44: Обществознание Павликов | F44: Русский язык Вайнула
A45: 13.25-16.00 | B45: ОБЕД
A46: 16.00-17.00 | B46: Продленка
A47: 17.00-18.00 | B47: Тверческая мастерская Лалетина Елизавета | C47: Тверческая мастерская Лалетина Елизавета | D47: Тверческая мастерская Лалетина Елизавета

Sheet 9А
A1: Тьютор | B1: Лалетина Елизавета
A2: Время | B2: Понедельник | C2: Вторник | D2: Среда | E2: Четверг | F2: Пятница
A3: 8.45-9.00 | B3: Сонастройка Павликов | C3: Сонаcтройка Тенешева | D3: Сонастройка Ларшина | E3: Сонастройка Латышева | F3: Сонастройка Лалетина Елизавета | H3: Сонастройка Лалетина Елизавета | K3: Вторник | N3: 45905 | P3: 45944 | R3: 45945 | T3: 45947 | V3: 45953 | X3: 45973 | Z3: 45974 | AB3: 45978 | AD3: 45981 | AF3: 45982 | AH3: 45986 | AJ3: 45994 | AL3: 45999 | AN3: 46000 | AP3: 46001 | AR3: 46006 | AT3: 46034 | AV3: 46035 | AX3: 46036
A4: 9.00-9.45 | B4: Обществознание Павликов | C4: Русский язык Тенешева | D4: Алгебра Ларшина | E4: Английский язык Латышева | F4: Алгебра Ларшина | H4: Биология Павленко* | K4: Сонаcтройка Тенешева | N4: Сонастройка | P4: Сонаcтройка | R4: Сонастройка | T4: Сонастройка | V4: Сонастройка | X4: Сонастройка | Z4: Сонастройка | AB4: Сонастройка | AD4: Сонастройка | AF4: Сонастройка | AH4: Сонаcтройка | AJ4: Сонастройка | AL4: Сонастройка | AN4: Сонаcтройка | AP4: Сонастройка | AR4: Сонастройка | AT4: Сонастройка | AV4: Сонаcтройка | AX4: Сонастройка
A5: 9.55-10.40 | B5: Русский язык Тенешева | C5: Геометрия Ларшина | D5: Тьюторский час Лалетина | E5: Русский язык Тенешева | F5: Английский язык Латышева | H5: Английский язык Латышева | K5: Русский язык Тенешева | N5: Алгебра | P5: География | R5: Алгебра | T5: Алгебра | V5: Английский язык | X5: Тьюторский час | Z5: Английский язык | AB5: Обществознание | AD5: Английский язык | AF5: Алгебра | AH5: Русский язык | AJ5: Тьюторский час | AL5: Геометрия | AN5: Русский язык | AP5: Алгебра | AR5: Обществознание | AT5: Обществознание | AV5: География | AX5: Алгебра
A6: 10.50-11.35 | B6: Алгебра Ларшина | C6: История Павликов | D6: Информатика Ларшина | E6: Геометрия Ларшина | F6: Физика Липко | H6: Физика Липко | K6: Геометрия Ларшина | N6: Английский язык | P6: Русский язык | R6: Тьюторский час | T6: Английский язык | V6: Русский язык | X6: История | Z6: Русский язык | AB6: Русский язык | AD6: Русский язык | AF6: Английский язык | AH6: Геометрия | AJ6: Литература | AL6: Русский язык | AN6: Алгебра | AP6: Алгебра | AR6: Русский язык | AT6: Алгебра | AV6: Геометрия | AX6: Тьюторский час
A7: 11.45-12.30 | B7: Литература Тенешева | C7: Английский язык Латышева | D7: Литература Тенешева | E7: Биология Павленко | F7: Химия Четверикова | H7: Алгебра Ларшина | K7: История Павликов | N7: Физика | P7: История | R7: Информатика | T7: Геометрия | V7: Геометрия | X7: Алгебра | Z7: Физика | AB7: Алгебра | AD7: Геометрия | AF7: Физика | AH7: Геометрия | AJ7: Информатика | AL7: Геометрия | AN7: История | AP7: Литература | AR7: Алгебра | AV7: История | AX7: Информатика
A8: 12.40-13.25 | C8: География Гайденко | D8: Физика Липко * | F8: Биология Павленко* | K8: Латышева Вакансия 3 | N8: Химия Четверикова | P8: Английский язык | R8: Литература | T8: Химия | X8: Литература | Z8: Биология | AB8: Литература | AF8: Химия | AH8: Английский язык | AJ8: Алгебра | AL8: Литература | AN8: Английский язык | AP8: Информатика | AR8: Литература | AV8: Английский язык | AX8: Русский язык
A9: 14.00-14.45 | C9: С 7.10 Математика Ларшина ФАКУЛЬТАТИВ ОГЭ | D9: с 8.10 Обществознание Коломеец ФАКУЛЬТАТИВ ОГЭ | E9: Со 2.10 Русский язык Тенешева ФАКУЛЬТАТИВ ОГЭ | F9: С 3.10 Биология Павленко ФАКУЛЬТАТИВ ОГЭ | H9: 45926 | K9: Тьюторский час Лалетина | P9: География | X9: Физика | AH9: География | AJ9: Факультатив ОГЭ (обществознание) | AN9: География | AP9: Физика | AR9: ФАКУЛЬТАТИВ ОГЭ (биология)
A10: 14.45-15.30 | B10: ОБЕД | H10: Сонастройка | P10: С 7.10 Математика ФАКУЛЬТАТИВ ОГЭ | R10: Обществознание ФАКУЛЬТАТИВ ОГЭ | T10: Биология ФАКУЛЬТАТИВ ОГЭ | V10: Русский язык ФАКУЛЬТАТИВ ОГЭ | Z10: ФАКУЛЬТАТИВ ОГЭ (русский язык) | AB10: Обществознание ФАКУЛЬТАТИВ ОГЭ | AD10: ФАКУЛЬТАТИВ ОГЭ (русский язык) | AF10: ФАКУЛЬТАТИВ ОГЭ (биология) | AH10: ФАКУЛЬТАТИВ ОГЭ (математика) | AN10: ФАКУЛЬТАТИВ ОГЭ Математика | AP10: Обществознание ФАКУЛЬТАТИВ ОГЭ | AV10: Математика ФАКУЛЬТАТИВ ОГЭ | AX10: Обществознание ФАКУЛЬТАТИВ ОГЭ
A11: 15.30-16.30 | B11: Продленка | H11: Биология
A12: 16.30-17.30 | B12: Тверческая мастерская Лалетина Елизавета | C12: Тверческая мастерская Лалетина Елизавета | D12: Тверческая мастерская Лалетина Елизавета | H12: Английский язык
A13: * занятия проходят только в 1 и 3 недели месяца, во 2 и 4 недели у ребят 4 урока | H13: Физика
H14: Алгебра
A15: Тьютор | B15: Лалетина Елизавета | V15: 46045 | X15: 46048 | Z15: 46049 | AB15: 46050 | AD15: 46051 | AF15: 46051 | AH15: 46052 | AJ15: 46055 | AL15: 46056 | AN15: 46057 | AP15: 46057 | AR15: 46058 | AT15: 46059 | AV15: 46062 | AX15: 46065 | AZ15: 46066 | BB15: 46069
A16: Время | B16: Понедельник | C16: Вторник | D16: Среда | E16: Четверг | F16: Пятница | H16: 46037 | K16: 46038 | N16: 46041 | P16: 46042 | R16: 46043 | T16: 46044 | V16: Сонастройка | X16: Сонастройка | Z16: Сонаcтройка | AB16: Сонастройка | AD16: Сонастройка | AF16: Сонастройка | AH16: Сонастройка | AJ16: Сонастройка | AL16: Сонаcтройка | AN16: Сонастройка | AP16: Сонастройка | AR16: Сонастройка | AT16: Сонастройка | AV16: Сонастройка | AX16: Сонастройка | AZ16: Сонастройка | BB16: Сонастройка
A17: 8.45-9.00 | B17: Сонастройка Павликов | C17: Сонаcтройка Гайденко | D17: Сонастройка Ларшина | E17: Сонастройка Латышева | F17: Сонастройка Лалетина Елизавета | H17: Сонастройка | K17: Сонастройка | N17: Сонастройка | P17: Сонаcтройка | R17: Сонастройка | T17: Сонастройка | V17: Алгебра | X17: Обществознание | Z17: География | AB17: Тьюторский час | AD17: Английский язык | AF17: Английский язык | AH17: Алгебра | AJ17: Обществознание | AL17: География | AN17: Алгебра | AP17: Тьюторский час | AR17: Английский язык | AT17: Алгебра | AV17: Обществознание | AX17: Английский язык | AZ17: Алгебра | BB17: Обществознание
A18: 9.00-9.45 | B18: Обществознание Павликов | C18: География Гайденко | D18: Алгебра Ларшина | E18: Английский язык Латышева | F18: Химия Созонов | H18: Английский язык | K18: Алгебра | N18: Обществознание | P18: География | R18: Алгебра | T18: Английский язык | V18: Русский язык | X18: Алгебра | Z18: Геометрия | AB18: Информатика | AD18: Геометрия | AF18: Биология | AH18: Литература | AJ18: Алгебра | AL18: Геометрия | AN18: Информатика | AP18: Информатика | AR18: Физика | AT18: Русский язык | AV18: Алгебра | AX18: Геометрия | AZ18: Русский язык
A19: 9.55-10.40 | B19: Тьюторский час Лалетина | C19: Геометрия Ларшина | D19: Информатика Ларшина | E19: Геометрия Ларшина | F19: Русский язык Петрова | H19: Геометрия | K19: Русский язык | N19: Алгебра | P19: Геометрия | R19: Химия | T19: Геометрия | V19: Биология | Z19: История | AB19: Алгебра | AD19: Русский язык | AF19: Русский язык | AH19: Биология ФАКУЛЬТАТИВ ОГЭ | AL19: История | AN19: Тьюторский час | AP19: Алгебра | AR19: Русский язык | AT19: Биология | AX19: Литература | AZ19: Химия | BB19: Алгебра
A20: 10.50-11.35 | B20: Алгебра Ларшина | C20: История Павликов | D20: Физика Барышникова | E20: Русский язык Петрова | H20: Русский язык | K20: Химия | P20: История | R20: Информатика | T20: Русский язык | V20: Тьюторский час | X20: Русский язык Факультатив ОГЭ | Z20: Английский язык | AB20: Русский язык | AD20: Биология | AF20: Геометрия | AH20: Физика | AJ20: Русский язык ФАКУЛЬТАТИВ ОГЭ | AL20: Литература | AN20: Русский язык | AP20: Русский язык | AR20: Биология | AT20: Биология ФАКУЛЬТАТИВ ОГЭ | AX20: Биология | BB20: Тьюторский час
A21: 11.45-12.30 | B21: Физика Барышникова | C21: Литература Петрова | D21: Русский язык Петрова | E21: Биология Павленко | F21: Алгебра Ларшина | H21: Биология | P21: Русский язык | R21: Русский язык | T21: Биология | V21: Английский язык | Z21: Литература | AD21: Литература | AF21: Литература | AL21: Английский язык | AR21: Литература | AV21: Русский язык ФАКУЛЬТАТИВ ОГЭ | AX21: Русский язык | AZ21: Биология ФАКУЛЬТАТИВ ОГЭ | BB21: Английский язык
A22: 12.40-13.25 | B22: Английский язык Латышева | C22: Английский язык Латышева | E22: Литература Петрова | F22: Биология Павленко* | H22: Литература | K22: Биология ФАКУЛЬТАТИВ ОГЭ | N22: Русский язык ФАКУЛЬТАТИВ ОГЭ | P22: Английский язык | T22: Литература | AB22: Обществознание ФАКУЛЬТАТИВ ОГЭ | AN22: Обществознание ФАКУЛЬТАТИВ ОГЭ | AP22: Обществознание ФАКУЛЬТАТИВ ОГЭ | AR22: Геометрия | BB22: Русский язык ФАКУЛЬТАТИВ ОГЭ
A23: 14.00-14.45 | B23: В 13.35 Русский язык Петрова ФАКУЛЬТАТИВ ОГЭ | C23: Математика Ларшина ФАКУЛЬТАТИВ ОГЭ | D23: Обществознание Коломеец ФАКУЛЬТАТИВ ОГЭ | F23: Биология Павленко ФАКУЛЬТАТИВ ОГЭ | R23: Обществознание ФАКУЛЬТАТИВ ОГЭ | V23: Биология ФАКУЛЬТАТИВ ОГЭ | Z23: Математика ФАКУЛЬТАТИВ ОГЭ | AL23: Математика ФАКУЛЬТАТИВ ОГЭ
H24: 46071 | K24: 46073
H25: Сонастройка | K25: Сонастройка
H26: Алгебра | K26: Алгебра
H27: Информатика | K27: Русский язык
H29: Русский язык | K29: Химия
K30: Биология
H31: Обществознание ФАКУЛЬТАТИВ ОГЭ | K31: Биология ФАКУЛЬТАТИВ ОГЭ

Sheet Матрица сонастройки
A1: Алла Силосьева / 2а, 3а, 5а | H1: Тьюторы: | I1: Классы | K1: Расписание 29 августа
B2: Понедельник | C2: Вторник | D2: Среда | E2: Четверг | F2: Пятница | L2: Рассолова Екатерина | M2: Силосьева Алла | N2: Лиана Аношко | O2: Цуркан Юлия | P2: Лукина Юлия | Q2: Голубева Елизавета | R2: Лалетина Елизавета
A3: 8.45 - 9.00 | B3: 2а | C3: 3а | D3: 5а | E3: 2а | F3: 3а | H3: Голубева Елизавета | I3: 6а,6б | K3: 9.00 | L3: 1а | M3: 2а | O3: 4а | R3: 7а
A4: 11.30-11.45 | H4: Цуркан Юлия | I4: 4а,4б,4в | K4: 10.00 | L4: 1б | M4: 3а | N4: 3б | O4: 4б | P4: 5б | Q4: 6а | R4: 8а
H5: Лукина Юлия | I5: 5б,5в | K5: 11.00 | L5: 2б | M5: 5а | N5: 3в | O5: 4в | P5: 5в | Q5: 6б | R5: 9а
A6: Рассолова Екатерина / 1а, 1б, 2б | H6: Силосьева Алла | I6: 2а,3а,5а
B7: Понедельник | C7: Вторник | D7: Среда | E7: Четверг | F7: Пятница | H7: Лалетина Елизавета | I7: 7а,8а,9а, 7б
A8: 8.45 - 9.00 | B8: 1а | C8: 1а | D8: 1а | E8: 1а | F8: 1а | H8: Екатерина Рассолова | I8: 1а, 1б, 2б
A9: 11.30-11.45 | B9: 2б | C9: 1б | D9: 2б | E9: 1б | F9: 2б | H9: Лиана Аношко | I9: 3б, 3в
A11: Лиана Аношко / 3б, 3в
B12: Понедельник | C12: Вторник | D12: Среда | E12: Четверг | F12: Пятница
A13: 8.45 - 9.00 | B13: 3в | C13: 3в | D13: 3в | E13: 3в | F13: 3в
A14: 11.30-11.45 | B14: 3б | C14: 3б | D14: 3б | E14: 3б | F14: 3б
A16: Голубева Елизавета / 6а, 6б
B17: Понедельник | C17: Вторник | D17: Среда | E17: Четверг | F17: Пятница
A18: 8.45-9.00 | B18: 6а | C18: 6б | D18: 6а | E18: 6б | F18: 6а
A19: 11.30-11.45
A21: Лукина Юлия / 5б, 5в
B22: Понедельник | C22: Вторник | D22: Среда | E22: Четверг | F22: Пятница
A23: 8.45-9.00 | B23: 5б | C23: 5б | D23: 5б | E23: 5б | F23: 5б
A24: 11.30-11.45 | B24: 5в | C24: 5в | D24: 5в | E24: 5в | F24: 5в
A26: Цуркан Юлия / 4а, 4б, 4в
B27: Понедельник | C27: Вторник | D27: Среда | E27: Четверг | F27: Пятница
A28: 8.45-9.00 | B28: 4а | C28: 4в | D28: 4а | E28: 4в | F28: 4а
A29: 11.30-11.45 | B29: 4б | C29: 4б | D29: 4б | E29: 4б | F29: 4б
A31: Лалетина Елизавета / 7а, 7б, 8а,9а
B32: Понедельник | C32: Вторник | D32: Среда | E32: Четверг | F32: Пятница
A33: 8.45 - 9.00 | B33: 8а | C33: 7б | D33: 8а | E33: 7б | F33: 9а
A34: 11.30-11.45 | B34: 7а | C34: 7а | D34: 7а | E34: 7а | F34: 7а

Sheet Матрица продленки
A1: 1а, 1б | B1: 15.00-16.00 | C1: Рассолова | F1: Голубева Елизавета | G1: 6а,6б
A2: 2а, 2б | B2: 15.00-16.00 | C2: Коновалова | F2: Цуркан Юлия | G2: 4а,4б,4в | H2: только на замены на продленки, у нее тьюторский час с 14.30 до 15.15 (наслоение)
A3: 3а, 3б, 3в | B3: 15.00-16.00 | C3: Лиана Аношко | F3: Лукина Юлия | G3: 5б,5в
A4: 4а, 4б, 4в | B4: 15.00-16.00 | C4: Абдуллаева | F4: Силосьева Алла | G4: 2а,3а,5а
A5: 5а, 5б, 5в, 7А | B5: 16.00-17.00 | C5: Лукина Юлия | F5: Лалетина Елизавета | G5: 7а,8а,9а, 7б
A6: 6а,6б | B6: 14.00-15.00 | C6: Голубева | F6: Екатерина Рассолова | G6: 1а, 1б, 2б
A7: 7Б, 8А, 9А | B7: 15.30-16.30 | C7: Лалетина/Цуркан | F7: Лиана Аношко | G7: 3б, 3в

Sheet Матрица внеурочки
A1: 1а, 1б, 2а, 2в | H1: 2б, 3б, 4б
B2: Понедельник | C2: Вторник | D2: Среда | E2: Четверг | F2: Пятница | I2: Понедельник | J2: Вторник | K2: Среда | L2: Четверг | M2: Пятница
A3: 16.00 | B3: Силосьева Алла | C3: Рассолова Екатерина | D3: Рассолова Екатерина | H3: 16.00 | I3: Аношко Лиана | J3: Цуркан Юлия | K3: Аношко Лиана
A5: 3а, 3в, 4а, 4в | H5: 5а, 5б, 5в, 7а
B6: Понедельник | C6: Вторник | D6: Среда | E6: Четверг | F6: Пятница | I6: Понедельник | J6: Вторник | K6: Среда | L6: Четверг | M6: Пятница
A7: 16.00 | B7: Цуркан Юлия | C7: Силосьева Алла | D7: Цуркан Юлия | H7: 17.00 | I7: Лукина Юлия | J7: Лукина Юлия | K7: Лукина Юлия
A10: 6а, 6б | H10: 7б, 8а, 9а
B11: Понедельник | C11: Вторник | D11: Среда | E11: Четверг | F11: Пятница | I11: Понедельник | J11: Вторник | K11: Среда | L11: Четверг | M11: Пятница
A12: 15.00 | B12: Голубева Елизавета | C12: Голубева Елизавета | D12: Голубева Елизавета | H12: 16.30 | I12: Лалетина Елизавета | J12: Лалетина Елизавета | K12: Лалетина Елизавета
A16: НОВАЯ МАТРИЦА ВНЕУРОЧКИ
A18: 1а, 1б | H18: 2а, 2б, 2в, 3а, 3б, 3в, 4а, 4б, 4в
B19: Понедельник | C19: Вторник | D19: Среда | E19: Четверг | F19: Пятница | I19: Понедельник | J19: Вторник | K19: Среда | L19: Четверг | M19: Пятница
A20: 16.00 | B20: Рассолова Екатерина | C20: Рассолова Екатерина | D20: Рассолова Екатерина | H20: 16.00 | I20: Цуркан Юлия | J20: Силосьева Алла | K20: Аношко Лиана
A22: 6а, 6б | H22: 5а, 5б, 5в, 7а
B23: Понедельник | C23: Вторник | D23: Среда | E23: Четверг | F23: Пятница | I23: Понедельник | J23: Вторник | K23: Среда | L23: Четверг | M23: Пятница
A24: 15.00 | B24: Голубева Елизавета | C24: Голубева Елизавета | D24: Голубева Елизавета | H24: 17.00 | I24: Лукина Юлия | J24: Лукина Юлия | K24: Лукина Юлия
H26: 7б, 8а, 9а
I27: Понедельник | J27: Вторник | K27: Среда | L27: Четверг | M27: Пятница
H28: 16.30 | I28: Лалетина Елизавета | J28: Лалетина Елизавета | K28: Лалетина Елизавета

Sheet Самоподготовка
A1: уроки на платформе
A2: в расписании стоят как самоподготовка 16, раз в 2 недели

Sheet Кружки
